"table_name","variable_name","label","data_type","units","statistic","value","text_value"
"baseline","participant_id","Unique participant identifier","identifier","none","Rows",2400,
"baseline","participant_id","Unique participant identifier","identifier","none","Non-missing n",2400,
"baseline","participant_id","Unique participant identifier","identifier","none","Missing n",0,
"baseline","participant_id","Unique participant identifier","identifier","none","Missing %",0,
"baseline","participant_id","Unique participant identifier","identifier","none","Unique values",2400,
"baseline","participant_id","Unique participant identifier","identifier","none","Duplicate values",0,
"baseline","site_code","Recruiting clinic site in England","categorical","none","Rows",2400,
"baseline","site_code","Recruiting clinic site in England","categorical","none","Non-missing n",2400,
"baseline","site_code","Recruiting clinic site in England","categorical","none","Missing n",0,
"baseline","site_code","Recruiting clinic site in England","categorical","none","Missing %",0,
"baseline","site_code","Recruiting clinic site in England","categorical","none","Levels observed",5,
"baseline","site_code","Recruiting clinic site in England","categorical","none","Mode count",700,
"baseline","site_code","Recruiting clinic site in England","categorical","none","Mode percent",29.1666666666667,
"baseline","site_code","Recruiting clinic site in England","categorical","none","Mode level",,"Birmingham"
"baseline","imd_quintile","Index of Multiple Deprivation quintile (1 least deprived, 5 most deprived)","ordered integer","quintile","Rows",2400,
"baseline","imd_quintile","Index of Multiple Deprivation quintile (1 least deprived, 5 most deprived)","ordered integer","quintile","Non-missing n",2400,
"baseline","imd_quintile","Index of Multiple Deprivation quintile (1 least deprived, 5 most deprived)","ordered integer","quintile","Missing n",0,
"baseline","imd_quintile","Index of Multiple Deprivation quintile (1 least deprived, 5 most deprived)","ordered integer","quintile","Missing %",0,
"baseline","imd_quintile","Index of Multiple Deprivation quintile (1 least deprived, 5 most deprived)","ordered integer","quintile","Mean",3.02583333333333,
"baseline","imd_quintile","Index of Multiple Deprivation quintile (1 least deprived, 5 most deprived)","ordered integer","quintile","SD",1.41338777386294,
"baseline","imd_quintile","Index of Multiple Deprivation quintile (1 least deprived, 5 most deprived)","ordered integer","quintile","Median",3,
"baseline","imd_quintile","Index of Multiple Deprivation quintile (1 least deprived, 5 most deprived)","ordered integer","quintile","IQR",2,
"baseline","imd_quintile","Index of Multiple Deprivation quintile (1 least deprived, 5 most deprived)","ordered integer","quintile","Min",1,
"baseline","imd_quintile","Index of Multiple Deprivation quintile (1 least deprived, 5 most deprived)","ordered integer","quintile","Q1",2,
"baseline","imd_quintile","Index of Multiple Deprivation quintile (1 least deprived, 5 most deprived)","ordered integer","quintile","Q3",4,
"baseline","imd_quintile","Index of Multiple Deprivation quintile (1 least deprived, 5 most deprived)","ordered integer","quintile","Max",9,
"baseline","recruitment_year","Year of recruitment","integer","year","Rows",2400,
"baseline","recruitment_year","Year of recruitment","integer","year","Non-missing n",2400,
"baseline","recruitment_year","Year of recruitment","integer","year","Missing n",0,
"baseline","recruitment_year","Year of recruitment","integer","year","Missing %",0,
"baseline","recruitment_year","Year of recruitment","integer","year","Mean",2024.90291666667,
"baseline","recruitment_year","Year of recruitment","integer","year","SD",0.765660341113945,
"baseline","recruitment_year","Year of recruitment","integer","year","Median",2025,
"baseline","recruitment_year","Year of recruitment","integer","year","IQR",1,
"baseline","recruitment_year","Year of recruitment","integer","year","Min",2024,
"baseline","recruitment_year","Year of recruitment","integer","year","Q1",2024,
"baseline","recruitment_year","Year of recruitment","integer","year","Q3",2025,
"baseline","recruitment_year","Year of recruitment","integer","year","Max",2026,
"baseline","age_years","Age at recruitment","continuous","years","Rows",2400,
"baseline","age_years","Age at recruitment","continuous","years","Non-missing n",2400,
"baseline","age_years","Age at recruitment","continuous","years","Missing n",0,
"baseline","age_years","Age at recruitment","continuous","years","Missing %",0,
"baseline","age_years","Age at recruitment","continuous","years","Mean",70.64125,
"baseline","age_years","Age at recruitment","continuous","years","SD",8.44638625119999,
"baseline","age_years","Age at recruitment","continuous","years","Median",71,
"baseline","age_years","Age at recruitment","continuous","years","IQR",13,
"baseline","age_years","Age at recruitment","continuous","years","Min",51,
"baseline","age_years","Age at recruitment","continuous","years","Q1",64,
"baseline","age_years","Age at recruitment","continuous","years","Q3",77,
"baseline","age_years","Age at recruitment","continuous","years","Max",89,
"baseline","sex_at_birth","Recorded sex at birth","binary categorical","none","Rows",2400,
"baseline","sex_at_birth","Recorded sex at birth","binary categorical","none","Non-missing n",2400,
"baseline","sex_at_birth","Recorded sex at birth","binary categorical","none","Missing n",0,
"baseline","sex_at_birth","Recorded sex at birth","binary categorical","none","Missing %",0,
"baseline","sex_at_birth","Recorded sex at birth","binary categorical","none","Levels observed",3,
"baseline","sex_at_birth","Recorded sex at birth","binary categorical","none","Mode count",1203,
"baseline","sex_at_birth","Recorded sex at birth","binary categorical","none","Mode percent",50.125,
"baseline","sex_at_birth","Recorded sex at birth","binary categorical","none","Mode level",,"Male"
"baseline","ethnicity_group","Broad ethnicity group","categorical","none","Rows",2400,
"baseline","ethnicity_group","Broad ethnicity group","categorical","none","Non-missing n",2400,
"baseline","ethnicity_group","Broad ethnicity group","categorical","none","Missing n",0,
"baseline","ethnicity_group","Broad ethnicity group","categorical","none","Missing %",0,
"baseline","ethnicity_group","Broad ethnicity group","categorical","none","Levels observed",6,
"baseline","ethnicity_group","Broad ethnicity group","categorical","none","Mode count",1909,
"baseline","ethnicity_group","Broad ethnicity group","categorical","none","Mode percent",79.5416666666667,
"baseline","ethnicity_group","Broad ethnicity group","categorical","none","Mode level",,"White"
"baseline","blood_group","ABO blood group","categorical","none","Rows",2400,
"baseline","blood_group","ABO blood group","categorical","none","Non-missing n",2400,
"baseline","blood_group","ABO blood group","categorical","none","Missing n",0,
"baseline","blood_group","ABO blood group","categorical","none","Missing %",0,
"baseline","blood_group","ABO blood group","categorical","none","Levels observed",4,
"baseline","blood_group","ABO blood group","categorical","none","Mode count",1196,
"baseline","blood_group","ABO blood group","categorical","none","Mode percent",49.8333333333333,
"baseline","blood_group","ABO blood group","categorical","none","Mode level",,"O"
"baseline","smoking_status","Current smoking history category","categorical","none","Rows",2400,
"baseline","smoking_status","Current smoking history category","categorical","none","Non-missing n",2400,
"baseline","smoking_status","Current smoking history category","categorical","none","Missing n",0,
"baseline","smoking_status","Current smoking history category","categorical","none","Missing %",0,
"baseline","smoking_status","Current smoking history category","categorical","none","Levels observed",4,
"baseline","smoking_status","Current smoking history category","categorical","none","Mode count",1268,
"baseline","smoking_status","Current smoking history category","categorical","none","Mode percent",52.8333333333333,
"baseline","smoking_status","Current smoking history category","categorical","none","Mode level",,"Never"
"baseline","alcohol_units_per_week","Self-reported alcohol intake","continuous","units/week","Rows",2400,
"baseline","alcohol_units_per_week","Self-reported alcohol intake","continuous","units/week","Non-missing n",2400,
"baseline","alcohol_units_per_week","Self-reported alcohol intake","continuous","units/week","Missing n",0,
"baseline","alcohol_units_per_week","Self-reported alcohol intake","continuous","units/week","Missing %",0,
"baseline","alcohol_units_per_week","Self-reported alcohol intake","continuous","units/week","Mean",8.86041666666667,
"baseline","alcohol_units_per_week","Self-reported alcohol intake","continuous","units/week","SD",5.39186547018523,
"baseline","alcohol_units_per_week","Self-reported alcohol intake","continuous","units/week","Median",8,
"baseline","alcohol_units_per_week","Self-reported alcohol intake","continuous","units/week","IQR",7,
"baseline","alcohol_units_per_week","Self-reported alcohol intake","continuous","units/week","Min",0,
"baseline","alcohol_units_per_week","Self-reported alcohol intake","continuous","units/week","Q1",5,
"baseline","alcohol_units_per_week","Self-reported alcohol intake","continuous","units/week","Q3",12,
"baseline","alcohol_units_per_week","Self-reported alcohol intake","continuous","units/week","Max",40,
"baseline","weekly_exercise_min","Weekly moderate exercise time","continuous","minutes/week","Rows",2400,
"baseline","weekly_exercise_min","Weekly moderate exercise time","continuous","minutes/week","Non-missing n",2400,
"baseline","weekly_exercise_min","Weekly moderate exercise time","continuous","minutes/week","Missing n",0,
"baseline","weekly_exercise_min","Weekly moderate exercise time","continuous","minutes/week","Missing %",0,
"baseline","weekly_exercise_min","Weekly moderate exercise time","continuous","minutes/week","Mean",85.1204166666667,
"baseline","weekly_exercise_min","Weekly moderate exercise time","continuous","minutes/week","SD",62.2961174747797,
"baseline","weekly_exercise_min","Weekly moderate exercise time","continuous","minutes/week","Median",81,
"baseline","weekly_exercise_min","Weekly moderate exercise time","continuous","minutes/week","IQR",92.25,
"baseline","weekly_exercise_min","Weekly moderate exercise time","continuous","minutes/week","Min",0,
"baseline","weekly_exercise_min","Weekly moderate exercise time","continuous","minutes/week","Q1",34,
"baseline","weekly_exercise_min","Weekly moderate exercise time","continuous","minutes/week","Q3",126.25,
"baseline","weekly_exercise_min","Weekly moderate exercise time","continuous","minutes/week","Max",289,
"baseline","inactive_under_30min","Less than 30 minutes of moderate or vigorous activity per week","binary categorical","none","Rows",2400,
"baseline","inactive_under_30min","Less than 30 minutes of moderate or vigorous activity per week","binary categorical","none","Non-missing n",2400,
"baseline","inactive_under_30min","Less than 30 minutes of moderate or vigorous activity per week","binary categorical","none","Missing n",0,
"baseline","inactive_under_30min","Less than 30 minutes of moderate or vigorous activity per week","binary categorical","none","Missing %",0,
"baseline","inactive_under_30min","Less than 30 minutes of moderate or vigorous activity per week","binary categorical","none","Levels observed",2,
"baseline","inactive_under_30min","Less than 30 minutes of moderate or vigorous activity per week","binary categorical","none","Mode count",1851,
"baseline","inactive_under_30min","Less than 30 minutes of moderate or vigorous activity per week","binary categorical","none","Mode percent",77.125,
"baseline","inactive_under_30min","Less than 30 minutes of moderate or vigorous activity per week","binary categorical","none","Mode level",,"No"
"baseline","sleep_hours_per_night","Average sleep per night","continuous","hours","Rows",2400,
"baseline","sleep_hours_per_night","Average sleep per night","continuous","hours","Non-missing n",2367,
"baseline","sleep_hours_per_night","Average sleep per night","continuous","hours","Missing n",33,
"baseline","sleep_hours_per_night","Average sleep per night","continuous","hours","Missing %",1.375,
"baseline","sleep_hours_per_night","Average sleep per night","continuous","hours","Mean",6.70401351922265,
"baseline","sleep_hours_per_night","Average sleep per night","continuous","hours","SD",0.780530161950217,
"baseline","sleep_hours_per_night","Average sleep per night","continuous","hours","Median",6.7,
"baseline","sleep_hours_per_night","Average sleep per night","continuous","hours","IQR",1,
"baseline","sleep_hours_per_night","Average sleep per night","continuous","hours","Min",4.5,
"baseline","sleep_hours_per_night","Average sleep per night","continuous","hours","Q1",6.2,
"baseline","sleep_hours_per_night","Average sleep per night","continuous","hours","Q3",7.2,
"baseline","sleep_hours_per_night","Average sleep per night","continuous","hours","Max",9.5,
"baseline","fruit_veg_portions_per_day","Daily fruit and vegetable intake","continuous","portions/day","Rows",2400,
"baseline","fruit_veg_portions_per_day","Daily fruit and vegetable intake","continuous","portions/day","Non-missing n",2358,
"baseline","fruit_veg_portions_per_day","Daily fruit and vegetable intake","continuous","portions/day","Missing n",42,
"baseline","fruit_veg_portions_per_day","Daily fruit and vegetable intake","continuous","portions/day","Missing %",1.75,
"baseline","fruit_veg_portions_per_day","Daily fruit and vegetable intake","continuous","portions/day","Mean",3.95479219677693,
"baseline","fruit_veg_portions_per_day","Daily fruit and vegetable intake","continuous","portions/day","SD",1.08117318077596,
"baseline","fruit_veg_portions_per_day","Daily fruit and vegetable intake","continuous","portions/day","Median",3.9,
"baseline","fruit_veg_portions_per_day","Daily fruit and vegetable intake","continuous","portions/day","IQR",1.5,
"baseline","fruit_veg_portions_per_day","Daily fruit and vegetable intake","continuous","portions/day","Min",0.5,
"baseline","fruit_veg_portions_per_day","Daily fruit and vegetable intake","continuous","portions/day","Q1",3.2,
"baseline","fruit_veg_portions_per_day","Daily fruit and vegetable intake","continuous","portions/day","Q3",4.7,
"baseline","fruit_veg_portions_per_day","Daily fruit and vegetable intake","continuous","portions/day","Max",7.6,
"baseline","family_history_cvd","Family history of cardiovascular disease","binary categorical","none","Rows",2400,
"baseline","family_history_cvd","Family history of cardiovascular disease","binary categorical","none","Non-missing n",2400,
"baseline","family_history_cvd","Family history of cardiovascular disease","binary categorical","none","Missing n",0,
"baseline","family_history_cvd","Family history of cardiovascular disease","binary categorical","none","Missing %",0,
"baseline","family_history_cvd","Family history of cardiovascular disease","binary categorical","none","Levels observed",2,
"baseline","family_history_cvd","Family history of cardiovascular disease","binary categorical","none","Mode count",1698,
"baseline","family_history_cvd","Family history of cardiovascular disease","binary categorical","none","Mode percent",70.75,
"baseline","family_history_cvd","Family history of cardiovascular disease","binary categorical","none","Mode level",,"No"
"baseline","family_history_diabetes","Family history of diabetes","binary categorical","none","Rows",2400,
"baseline","family_history_diabetes","Family history of diabetes","binary categorical","none","Non-missing n",2400,
"baseline","family_history_diabetes","Family history of diabetes","binary categorical","none","Missing n",0,
"baseline","family_history_diabetes","Family history of diabetes","binary categorical","none","Missing %",0,
"baseline","family_history_diabetes","Family history of diabetes","binary categorical","none","Levels observed",2,
"baseline","family_history_diabetes","Family history of diabetes","binary categorical","none","Mode count",1585,
"baseline","family_history_diabetes","Family history of diabetes","binary categorical","none","Mode percent",66.0416666666667,
"baseline","family_history_diabetes","Family history of diabetes","binary categorical","none","Mode level",,"No"
"baseline","height_cm","Standing height","continuous","cm","Rows",2400,
"baseline","height_cm","Standing height","continuous","cm","Non-missing n",2400,
"baseline","height_cm","Standing height","continuous","cm","Missing n",0,
"baseline","height_cm","Standing height","continuous","cm","Missing %",0,
"baseline","height_cm","Standing height","continuous","cm","Mean",168.725458333333,
"baseline","height_cm","Standing height","continuous","cm","SD",9.47134231997538,
"baseline","height_cm","Standing height","continuous","cm","Median",168.3,
"baseline","height_cm","Standing height","continuous","cm","IQR",14.1,
"baseline","height_cm","Standing height","continuous","cm","Min",145,
"baseline","height_cm","Standing height","continuous","cm","Q1",161.6,
"baseline","height_cm","Standing height","continuous","cm","Q3",175.7,
"baseline","height_cm","Standing height","continuous","cm","Max",199.7,
"baseline","weight_kg","Body weight","continuous","kg","Rows",2400,
"baseline","weight_kg","Body weight","continuous","kg","Non-missing n",2400,
"baseline","weight_kg","Body weight","continuous","kg","Missing n",0,
"baseline","weight_kg","Body weight","continuous","kg","Missing %",0,
"baseline","weight_kg","Body weight","continuous","kg","Mean",80.81475,
"baseline","weight_kg","Body weight","continuous","kg","SD",15.0569420500132,
"baseline","weight_kg","Body weight","continuous","kg","Median",80.05,
"baseline","weight_kg","Body weight","continuous","kg","IQR",20.5,
"baseline","weight_kg","Body weight","continuous","kg","Min",45.2,
"baseline","weight_kg","Body weight","continuous","kg","Q1",70.3,
"baseline","weight_kg","Body weight","continuous","kg","Q3",90.8,
"baseline","weight_kg","Body weight","continuous","kg","Max",132.6,
"baseline","bmi_kg_m2","Body mass index derived from height and weight","continuous","kg/m^2","Rows",2400,
"baseline","bmi_kg_m2","Body mass index derived from height and weight","continuous","kg/m^2","Non-missing n",2400,
"baseline","bmi_kg_m2","Body mass index derived from height and weight","continuous","kg/m^2","Missing n",0,
"baseline","bmi_kg_m2","Body mass index derived from height and weight","continuous","kg/m^2","Missing %",0,
"baseline","bmi_kg_m2","Body mass index derived from height and weight","continuous","kg/m^2","Mean",28.2765416666667,
"baseline","bmi_kg_m2","Body mass index derived from height and weight","continuous","kg/m^2","SD",4.05282178756743,
"baseline","bmi_kg_m2","Body mass index derived from height and weight","continuous","kg/m^2","Median",28.1,
"baseline","bmi_kg_m2","Body mass index derived from height and weight","continuous","kg/m^2","IQR",5.625,
"baseline","bmi_kg_m2","Body mass index derived from height and weight","continuous","kg/m^2","Min",19,
"baseline","bmi_kg_m2","Body mass index derived from height and weight","continuous","kg/m^2","Q1",25.5,
"baseline","bmi_kg_m2","Body mass index derived from height and weight","continuous","kg/m^2","Q3",31.125,
"baseline","bmi_kg_m2","Body mass index derived from height and weight","continuous","kg/m^2","Max",41.2,
"baseline","obesity","BMI at least 30 kg/m^2","binary categorical","none","Rows",2400,
"baseline","obesity","BMI at least 30 kg/m^2","binary categorical","none","Non-missing n",2400,
"baseline","obesity","BMI at least 30 kg/m^2","binary categorical","none","Missing n",0,
"baseline","obesity","BMI at least 30 kg/m^2","binary categorical","none","Missing %",0,
"baseline","obesity","BMI at least 30 kg/m^2","binary categorical","none","Levels observed",4,
"baseline","obesity","BMI at least 30 kg/m^2","binary categorical","none","Mode count",1590,
"baseline","obesity","BMI at least 30 kg/m^2","binary categorical","none","Mode percent",66.25,
"baseline","obesity","BMI at least 30 kg/m^2","binary categorical","none","Mode level",,"No"
"baseline","waist_cm","Waist circumference","continuous","cm","Rows",2400,
"baseline","waist_cm","Waist circumference","continuous","cm","Non-missing n",2400,
"baseline","waist_cm","Waist circumference","continuous","cm","Missing n",0,
"baseline","waist_cm","Waist circumference","continuous","cm","Missing %",0,
"baseline","waist_cm","Waist circumference","continuous","cm","Mean",93.321125,
"baseline","waist_cm","Waist circumference","continuous","cm","SD",9.7594827062622,
"baseline","waist_cm","Waist circumference","continuous","cm","Median",93.1,
"baseline","waist_cm","Waist circumference","continuous","cm","IQR",13.5,
"baseline","waist_cm","Waist circumference","continuous","cm","Min",62,
"baseline","waist_cm","Waist circumference","continuous","cm","Q1",86.4,
"baseline","waist_cm","Waist circumference","continuous","cm","Q3",99.9,
"baseline","waist_cm","Waist circumference","continuous","cm","Max",122.7,
"baseline","waist_to_height_ratio","Waist-to-height ratio","continuous","ratio","Rows",2400,
"baseline","waist_to_height_ratio","Waist-to-height ratio","continuous","ratio","Non-missing n",2400,
"baseline","waist_to_height_ratio","Waist-to-height ratio","continuous","ratio","Missing n",0,
"baseline","waist_to_height_ratio","Waist-to-height ratio","continuous","ratio","Missing %",0,
"baseline","waist_to_height_ratio","Waist-to-height ratio","continuous","ratio","Mean",0.5541875,
"baseline","waist_to_height_ratio","Waist-to-height ratio","continuous","ratio","SD",0.0602683163547129,
"baseline","waist_to_height_ratio","Waist-to-height ratio","continuous","ratio","Median",0.55,
"baseline","waist_to_height_ratio","Waist-to-height ratio","continuous","ratio","IQR",0.08,
"baseline","waist_to_height_ratio","Waist-to-height ratio","continuous","ratio","Min",0.36,
"baseline","waist_to_height_ratio","Waist-to-height ratio","continuous","ratio","Q1",0.51,
"baseline","waist_to_height_ratio","Waist-to-height ratio","continuous","ratio","Q3",0.59,
"baseline","waist_to_height_ratio","Waist-to-height ratio","continuous","ratio","Max",0.79,
"baseline","high_central_adiposity","Waist-to-height ratio at least 0.6","binary categorical","none","Rows",2400,
"baseline","high_central_adiposity","Waist-to-height ratio at least 0.6","binary categorical","none","Non-missing n",2400,
"baseline","high_central_adiposity","Waist-to-height ratio at least 0.6","binary categorical","none","Missing n",0,
"baseline","high_central_adiposity","Waist-to-height ratio at least 0.6","binary categorical","none","Missing %",0,
"baseline","high_central_adiposity","Waist-to-height ratio at least 0.6","binary categorical","none","Levels observed",2,
"baseline","high_central_adiposity","Waist-to-height ratio at least 0.6","binary categorical","none","Mode count",1810,
"baseline","high_central_adiposity","Waist-to-height ratio at least 0.6","binary categorical","none","Mode percent",75.4166666666667,
"baseline","high_central_adiposity","Waist-to-height ratio at least 0.6","binary categorical","none","Mode level",,"No"
"baseline","systolic_bp_mmHg","Systolic blood pressure","continuous","mmHg","Rows",2400,
"baseline","systolic_bp_mmHg","Systolic blood pressure","continuous","mmHg","Non-missing n",2400,
"baseline","systolic_bp_mmHg","Systolic blood pressure","continuous","mmHg","Missing n",0,
"baseline","systolic_bp_mmHg","Systolic blood pressure","continuous","mmHg","Missing %",0,
"baseline","systolic_bp_mmHg","Systolic blood pressure","continuous","mmHg","Mean",140.04,
"baseline","systolic_bp_mmHg","Systolic blood pressure","continuous","mmHg","SD",40.7902766532124,
"baseline","systolic_bp_mmHg","Systolic blood pressure","continuous","mmHg","Median",139,
"baseline","systolic_bp_mmHg","Systolic blood pressure","continuous","mmHg","IQR",17,
"baseline","systolic_bp_mmHg","Systolic blood pressure","continuous","mmHg","Min",91,
"baseline","systolic_bp_mmHg","Systolic blood pressure","continuous","mmHg","Q1",131,
"baseline","systolic_bp_mmHg","Systolic blood pressure","continuous","mmHg","Q3",148,
"baseline","systolic_bp_mmHg","Systolic blood pressure","continuous","mmHg","Max",1620,
"baseline","diastolic_bp_mmHg","Diastolic blood pressure","continuous","mmHg","Rows",2400,
"baseline","diastolic_bp_mmHg","Diastolic blood pressure","continuous","mmHg","Non-missing n",2400,
"baseline","diastolic_bp_mmHg","Diastolic blood pressure","continuous","mmHg","Missing n",0,
"baseline","diastolic_bp_mmHg","Diastolic blood pressure","continuous","mmHg","Missing %",0,
"baseline","diastolic_bp_mmHg","Diastolic blood pressure","continuous","mmHg","Mean",80.7433333333333,
"baseline","diastolic_bp_mmHg","Diastolic blood pressure","continuous","mmHg","SD",8.43373734026168,
"baseline","diastolic_bp_mmHg","Diastolic blood pressure","continuous","mmHg","Median",81,
"baseline","diastolic_bp_mmHg","Diastolic blood pressure","continuous","mmHg","IQR",11,
"baseline","diastolic_bp_mmHg","Diastolic blood pressure","continuous","mmHg","Min",52,
"baseline","diastolic_bp_mmHg","Diastolic blood pressure","continuous","mmHg","Q1",75,
"baseline","diastolic_bp_mmHg","Diastolic blood pressure","continuous","mmHg","Q3",86,
"baseline","diastolic_bp_mmHg","Diastolic blood pressure","continuous","mmHg","Max",109,
"baseline","measured_hypertension","Measured hypertension or antihypertensive treatment","binary categorical","none","Rows",2400,
"baseline","measured_hypertension","Measured hypertension or antihypertensive treatment","binary categorical","none","Non-missing n",2400,
"baseline","measured_hypertension","Measured hypertension or antihypertensive treatment","binary categorical","none","Missing n",0,
"baseline","measured_hypertension","Measured hypertension or antihypertensive treatment","binary categorical","none","Missing %",0,
"baseline","measured_hypertension","Measured hypertension or antihypertensive treatment","binary categorical","none","Levels observed",2,
"baseline","measured_hypertension","Measured hypertension or antihypertensive treatment","binary categorical","none","Mode count",1401,
"baseline","measured_hypertension","Measured hypertension or antihypertensive treatment","binary categorical","none","Mode percent",58.375,
"baseline","measured_hypertension","Measured hypertension or antihypertensive treatment","binary categorical","none","Mode level",,"Yes"
"baseline","resting_heart_rate_bpm","Resting heart rate","continuous","beats/min","Rows",2400,
"baseline","resting_heart_rate_bpm","Resting heart rate","continuous","beats/min","Non-missing n",2400,
"baseline","resting_heart_rate_bpm","Resting heart rate","continuous","beats/min","Missing n",0,
"baseline","resting_heart_rate_bpm","Resting heart rate","continuous","beats/min","Missing %",0,
"baseline","resting_heart_rate_bpm","Resting heart rate","continuous","beats/min","Mean",71.5675,
"baseline","resting_heart_rate_bpm","Resting heart rate","continuous","beats/min","SD",6.13306202241082,
"baseline","resting_heart_rate_bpm","Resting heart rate","continuous","beats/min","Median",72,
"baseline","resting_heart_rate_bpm","Resting heart rate","continuous","beats/min","IQR",9,
"baseline","resting_heart_rate_bpm","Resting heart rate","continuous","beats/min","Min",48,
"baseline","resting_heart_rate_bpm","Resting heart rate","continuous","beats/min","Q1",67,
"baseline","resting_heart_rate_bpm","Resting heart rate","continuous","beats/min","Q3",76,
"baseline","resting_heart_rate_bpm","Resting heart rate","continuous","beats/min","Max",96,
"baseline","fasting_glucose_mmol_L","Fasting glucose","continuous","mmol/L","Rows",2400,
"baseline","fasting_glucose_mmol_L","Fasting glucose","continuous","mmol/L","Non-missing n",2400,
"baseline","fasting_glucose_mmol_L","Fasting glucose","continuous","mmol/L","Missing n",0,
"baseline","fasting_glucose_mmol_L","Fasting glucose","continuous","mmol/L","Missing %",0,
"baseline","fasting_glucose_mmol_L","Fasting glucose","continuous","mmol/L","Mean",5.334425,
"baseline","fasting_glucose_mmol_L","Fasting glucose","continuous","mmol/L","SD",0.729560159881419,
"baseline","fasting_glucose_mmol_L","Fasting glucose","continuous","mmol/L","Median",5.25,
"baseline","fasting_glucose_mmol_L","Fasting glucose","continuous","mmol/L","IQR",0.9825,
"baseline","fasting_glucose_mmol_L","Fasting glucose","continuous","mmol/L","Min",3.6,
"baseline","fasting_glucose_mmol_L","Fasting glucose","continuous","mmol/L","Q1",4.8075,
"baseline","fasting_glucose_mmol_L","Fasting glucose","continuous","mmol/L","Q3",5.79,
"baseline","fasting_glucose_mmol_L","Fasting glucose","continuous","mmol/L","Max",7.63,
"baseline","hba1c_mmol_mol","HbA1c glycaemic marker","continuous","mmol/mol","Rows",2400,
"baseline","hba1c_mmol_mol","HbA1c glycaemic marker","continuous","mmol/mol","Non-missing n",2300,
"baseline","hba1c_mmol_mol","HbA1c glycaemic marker","continuous","mmol/mol","Missing n",100,
"baseline","hba1c_mmol_mol","HbA1c glycaemic marker","continuous","mmol/mol","Missing %",4.16666666666667,
"baseline","hba1c_mmol_mol","HbA1c glycaemic marker","continuous","mmol/mol","Mean",36.1507391304348,
"baseline","hba1c_mmol_mol","HbA1c glycaemic marker","continuous","mmol/mol","SD",6.97123302777692,
"baseline","hba1c_mmol_mol","HbA1c glycaemic marker","continuous","mmol/mol","Median",35.1,
"baseline","hba1c_mmol_mol","HbA1c glycaemic marker","continuous","mmol/mol","IQR",9,
"baseline","hba1c_mmol_mol","HbA1c glycaemic marker","continuous","mmol/mol","Min",25,
"baseline","hba1c_mmol_mol","HbA1c glycaemic marker","continuous","mmol/mol","Q1",31.1,
"baseline","hba1c_mmol_mol","HbA1c glycaemic marker","continuous","mmol/mol","Q3",40.1,
"baseline","hba1c_mmol_mol","HbA1c glycaemic marker","continuous","mmol/mol","Max",58,
"baseline","type2_diabetes","Simulated type 2 diabetes status based on glycaemic profile","binary categorical","none","Rows",2400,
"baseline","type2_diabetes","Simulated type 2 diabetes status based on glycaemic profile","binary categorical","none","Non-missing n",2400,
"baseline","type2_diabetes","Simulated type 2 diabetes status based on glycaemic profile","binary categorical","none","Missing n",0,
"baseline","type2_diabetes","Simulated type 2 diabetes status based on glycaemic profile","binary categorical","none","Missing %",0,
"baseline","type2_diabetes","Simulated type 2 diabetes status based on glycaemic profile","binary categorical","none","Levels observed",2,
"baseline","type2_diabetes","Simulated type 2 diabetes status based on glycaemic profile","binary categorical","none","Mode count",2204,
"baseline","type2_diabetes","Simulated type 2 diabetes status based on glycaemic profile","binary categorical","none","Mode percent",91.8333333333333,
"baseline","type2_diabetes","Simulated type 2 diabetes status based on glycaemic profile","binary categorical","none","Mode level",,"No"
"baseline","prediabetes","Prediabetes or non-diabetic hyperglycaemia","binary categorical","none","Rows",2400,
"baseline","prediabetes","Prediabetes or non-diabetic hyperglycaemia","binary categorical","none","Non-missing n",2400,
"baseline","prediabetes","Prediabetes or non-diabetic hyperglycaemia","binary categorical","none","Missing n",0,
"baseline","prediabetes","Prediabetes or non-diabetic hyperglycaemia","binary categorical","none","Missing %",0,
"baseline","prediabetes","Prediabetes or non-diabetic hyperglycaemia","binary categorical","none","Levels observed",2,
"baseline","prediabetes","Prediabetes or non-diabetic hyperglycaemia","binary categorical","none","Mode count",1665,
"baseline","prediabetes","Prediabetes or non-diabetic hyperglycaemia","binary categorical","none","Mode percent",69.375,
"baseline","prediabetes","Prediabetes or non-diabetic hyperglycaemia","binary categorical","none","Mode level",,"No"
"baseline","total_cholesterol_mmol_L","Total cholesterol","continuous","mmol/L","Rows",2400,
"baseline","total_cholesterol_mmol_L","Total cholesterol","continuous","mmol/L","Non-missing n",2400,
"baseline","total_cholesterol_mmol_L","Total cholesterol","continuous","mmol/L","Missing n",0,
"baseline","total_cholesterol_mmol_L","Total cholesterol","continuous","mmol/L","Missing %",0,
"baseline","total_cholesterol_mmol_L","Total cholesterol","continuous","mmol/L","Mean",5.118625,
"baseline","total_cholesterol_mmol_L","Total cholesterol","continuous","mmol/L","SD",0.615681778786982,
"baseline","total_cholesterol_mmol_L","Total cholesterol","continuous","mmol/L","Median",5.13,
"baseline","total_cholesterol_mmol_L","Total cholesterol","continuous","mmol/L","IQR",0.85,
"baseline","total_cholesterol_mmol_L","Total cholesterol","continuous","mmol/L","Min",2.93,
"baseline","total_cholesterol_mmol_L","Total cholesterol","continuous","mmol/L","Q1",4.7,
"baseline","total_cholesterol_mmol_L","Total cholesterol","continuous","mmol/L","Q3",5.55,
"baseline","total_cholesterol_mmol_L","Total cholesterol","continuous","mmol/L","Max",7.28,
"baseline","raised_total_cholesterol","Total cholesterol at least 5 mmol/L","binary categorical","none","Rows",2400,
"baseline","raised_total_cholesterol","Total cholesterol at least 5 mmol/L","binary categorical","none","Non-missing n",2400,
"baseline","raised_total_cholesterol","Total cholesterol at least 5 mmol/L","binary categorical","none","Missing n",0,
"baseline","raised_total_cholesterol","Total cholesterol at least 5 mmol/L","binary categorical","none","Missing %",0,
"baseline","raised_total_cholesterol","Total cholesterol at least 5 mmol/L","binary categorical","none","Levels observed",2,
"baseline","raised_total_cholesterol","Total cholesterol at least 5 mmol/L","binary categorical","none","Mode count",1384,
"baseline","raised_total_cholesterol","Total cholesterol at least 5 mmol/L","binary categorical","none","Mode percent",57.6666666666667,
"baseline","raised_total_cholesterol","Total cholesterol at least 5 mmol/L","binary categorical","none","Mode level",,"Yes"
"baseline","hdl_cholesterol_mmol_L","HDL cholesterol","continuous","mmol/L","Rows",2400,
"baseline","hdl_cholesterol_mmol_L","HDL cholesterol","continuous","mmol/L","Non-missing n",2400,
"baseline","hdl_cholesterol_mmol_L","HDL cholesterol","continuous","mmol/L","Missing n",0,
"baseline","hdl_cholesterol_mmol_L","HDL cholesterol","continuous","mmol/L","Missing %",0,
"baseline","hdl_cholesterol_mmol_L","HDL cholesterol","continuous","mmol/L","Mean",1.29736666666667,
"baseline","hdl_cholesterol_mmol_L","HDL cholesterol","continuous","mmol/L","SD",0.201865370731371,
"baseline","hdl_cholesterol_mmol_L","HDL cholesterol","continuous","mmol/L","Median",1.3,
"baseline","hdl_cholesterol_mmol_L","HDL cholesterol","continuous","mmol/L","IQR",0.27,
"baseline","hdl_cholesterol_mmol_L","HDL cholesterol","continuous","mmol/L","Min",0.7,
"baseline","hdl_cholesterol_mmol_L","HDL cholesterol","continuous","mmol/L","Q1",1.16,
"baseline","hdl_cholesterol_mmol_L","HDL cholesterol","continuous","mmol/L","Q3",1.43,
"baseline","hdl_cholesterol_mmol_L","HDL cholesterol","continuous","mmol/L","Max",1.95,
"baseline","ldl_cholesterol_mmol_L","Estimated LDL cholesterol","continuous","mmol/L","Rows",2400,
"baseline","ldl_cholesterol_mmol_L","Estimated LDL cholesterol","continuous","mmol/L","Non-missing n",2400,
"baseline","ldl_cholesterol_mmol_L","Estimated LDL cholesterol","continuous","mmol/L","Missing n",0,
"baseline","ldl_cholesterol_mmol_L","Estimated LDL cholesterol","continuous","mmol/L","Missing %",0,
"baseline","ldl_cholesterol_mmol_L","Estimated LDL cholesterol","continuous","mmol/L","Mean",3.05565833333333,
"baseline","ldl_cholesterol_mmol_L","Estimated LDL cholesterol","continuous","mmol/L","SD",0.691616853740117,
"baseline","ldl_cholesterol_mmol_L","Estimated LDL cholesterol","continuous","mmol/L","Median",3.06,
"baseline","ldl_cholesterol_mmol_L","Estimated LDL cholesterol","continuous","mmol/L","IQR",0.94,
"baseline","ldl_cholesterol_mmol_L","Estimated LDL cholesterol","continuous","mmol/L","Min",1.2,
"baseline","ldl_cholesterol_mmol_L","Estimated LDL cholesterol","continuous","mmol/L","Q1",2.59,
"baseline","ldl_cholesterol_mmol_L","Estimated LDL cholesterol","continuous","mmol/L","Q3",3.53,
"baseline","ldl_cholesterol_mmol_L","Estimated LDL cholesterol","continuous","mmol/L","Max",5.52,
"baseline","triglycerides_mmol_L","Triglycerides","continuous","mmol/L","Rows",2400,
"baseline","triglycerides_mmol_L","Triglycerides","continuous","mmol/L","Non-missing n",2342,
"baseline","triglycerides_mmol_L","Triglycerides","continuous","mmol/L","Missing n",58,
"baseline","triglycerides_mmol_L","Triglycerides","continuous","mmol/L","Missing %",2.41666666666667,
"baseline","triglycerides_mmol_L","Triglycerides","continuous","mmol/L","Mean",1.69013236549957,
"baseline","triglycerides_mmol_L","Triglycerides","continuous","mmol/L","SD",0.65464034132609,
"baseline","triglycerides_mmol_L","Triglycerides","continuous","mmol/L","Median",1.58,
"baseline","triglycerides_mmol_L","Triglycerides","continuous","mmol/L","IQR",0.84,
"baseline","triglycerides_mmol_L","Triglycerides","continuous","mmol/L","Min",0.45,
"baseline","triglycerides_mmol_L","Triglycerides","continuous","mmol/L","Q1",1.21,
"baseline","triglycerides_mmol_L","Triglycerides","continuous","mmol/L","Q3",2.05,
"baseline","triglycerides_mmol_L","Triglycerides","continuous","mmol/L","Max",5.5,
"baseline","total_hdl_ratio","Total cholesterol divided by HDL cholesterol","continuous","ratio","Rows",2400,
"baseline","total_hdl_ratio","Total cholesterol divided by HDL cholesterol","continuous","ratio","Non-missing n",2400,
"baseline","total_hdl_ratio","Total cholesterol divided by HDL cholesterol","continuous","ratio","Missing n",0,
"baseline","total_hdl_ratio","Total cholesterol divided by HDL cholesterol","continuous","ratio","Missing %",0,
"baseline","total_hdl_ratio","Total cholesterol divided by HDL cholesterol","continuous","ratio","Mean",4.059975,
"baseline","total_hdl_ratio","Total cholesterol divided by HDL cholesterol","continuous","ratio","SD",0.903432664221761,
"baseline","total_hdl_ratio","Total cholesterol divided by HDL cholesterol","continuous","ratio","Median",3.95,
"baseline","total_hdl_ratio","Total cholesterol divided by HDL cholesterol","continuous","ratio","IQR",1.12,
"baseline","total_hdl_ratio","Total cholesterol divided by HDL cholesterol","continuous","ratio","Min",2.04,
"baseline","total_hdl_ratio","Total cholesterol divided by HDL cholesterol","continuous","ratio","Q1",3.42,
"baseline","total_hdl_ratio","Total cholesterol divided by HDL cholesterol","continuous","ratio","Q3",4.54,
"baseline","total_hdl_ratio","Total cholesterol divided by HDL cholesterol","continuous","ratio","Max",8.46,
"baseline","high_total_hdl_ratio","Total-to-HDL cholesterol ratio at least 6","binary categorical","none","Rows",2400,
"baseline","high_total_hdl_ratio","Total-to-HDL cholesterol ratio at least 6","binary categorical","none","Non-missing n",2400,
"baseline","high_total_hdl_ratio","Total-to-HDL cholesterol ratio at least 6","binary categorical","none","Missing n",0,
"baseline","high_total_hdl_ratio","Total-to-HDL cholesterol ratio at least 6","binary categorical","none","Missing %",0,
"baseline","high_total_hdl_ratio","Total-to-HDL cholesterol ratio at least 6","binary categorical","none","Levels observed",2,
"baseline","high_total_hdl_ratio","Total-to-HDL cholesterol ratio at least 6","binary categorical","none","Mode count",2319,
"baseline","high_total_hdl_ratio","Total-to-HDL cholesterol ratio at least 6","binary categorical","none","Mode percent",96.625,
"baseline","high_total_hdl_ratio","Total-to-HDL cholesterol ratio at least 6","binary categorical","none","Mode level",,"No"
"baseline","crp_mg_L","C-reactive protein","continuous","mg/L","Rows",2400,
"baseline","crp_mg_L","C-reactive protein","continuous","mg/L","Non-missing n",2307,
"baseline","crp_mg_L","C-reactive protein","continuous","mg/L","Missing n",93,
"baseline","crp_mg_L","C-reactive protein","continuous","mg/L","Missing %",3.875,
"baseline","crp_mg_L","C-reactive protein","continuous","mg/L","Mean",2.43918508885999,
"baseline","crp_mg_L","C-reactive protein","continuous","mg/L","SD",1.6198557199099,
"baseline","crp_mg_L","C-reactive protein","continuous","mg/L","Median",2.01,
"baseline","crp_mg_L","C-reactive protein","continuous","mg/L","IQR",1.68,
"baseline","crp_mg_L","C-reactive protein","continuous","mg/L","Min",0.26,
"baseline","crp_mg_L","C-reactive protein","continuous","mg/L","Q1",1.39,
"baseline","crp_mg_L","C-reactive protein","continuous","mg/L","Q3",3.07,
"baseline","crp_mg_L","C-reactive protein","continuous","mg/L","Max",18.14,
"baseline","creatinine_umol_L","Serum creatinine","continuous","umol/L","Rows",2400,
"baseline","creatinine_umol_L","Serum creatinine","continuous","umol/L","Non-missing n",2400,
"baseline","creatinine_umol_L","Serum creatinine","continuous","umol/L","Missing n",0,
"baseline","creatinine_umol_L","Serum creatinine","continuous","umol/L","Missing %",0,
"baseline","creatinine_umol_L","Serum creatinine","continuous","umol/L","Mean",81.4849166666667,
"baseline","creatinine_umol_L","Serum creatinine","continuous","umol/L","SD",12.3424202333617,
"baseline","creatinine_umol_L","Serum creatinine","continuous","umol/L","Median",81.2,
"baseline","creatinine_umol_L","Serum creatinine","continuous","umol/L","IQR",16.6,
"baseline","creatinine_umol_L","Serum creatinine","continuous","umol/L","Min",45,
"baseline","creatinine_umol_L","Serum creatinine","continuous","umol/L","Q1",73.3,
"baseline","creatinine_umol_L","Serum creatinine","continuous","umol/L","Q3",89.9,
"baseline","creatinine_umol_L","Serum creatinine","continuous","umol/L","Max",120.1,
"baseline","egfr_ml_min_1_73m2","Estimated glomerular filtration rate","continuous","mL/min/1.73m^2","Rows",2400,
"baseline","egfr_ml_min_1_73m2","Estimated glomerular filtration rate","continuous","mL/min/1.73m^2","Non-missing n",2368,
"baseline","egfr_ml_min_1_73m2","Estimated glomerular filtration rate","continuous","mL/min/1.73m^2","Missing n",32,
"baseline","egfr_ml_min_1_73m2","Estimated glomerular filtration rate","continuous","mL/min/1.73m^2","Missing %",1.33333333333333,
"baseline","egfr_ml_min_1_73m2","Estimated glomerular filtration rate","continuous","mL/min/1.73m^2","Mean",73.9666807432432,
"baseline","egfr_ml_min_1_73m2","Estimated glomerular filtration rate","continuous","mL/min/1.73m^2","SD",12.9928322040326,
"baseline","egfr_ml_min_1_73m2","Estimated glomerular filtration rate","continuous","mL/min/1.73m^2","Median",73.75,
"baseline","egfr_ml_min_1_73m2","Estimated glomerular filtration rate","continuous","mL/min/1.73m^2","IQR",18.65,
"baseline","egfr_ml_min_1_73m2","Estimated glomerular filtration rate","continuous","mL/min/1.73m^2","Min",36.7,
"baseline","egfr_ml_min_1_73m2","Estimated glomerular filtration rate","continuous","mL/min/1.73m^2","Q1",64.475,
"baseline","egfr_ml_min_1_73m2","Estimated glomerular filtration rate","continuous","mL/min/1.73m^2","Q3",83.125,
"baseline","egfr_ml_min_1_73m2","Estimated glomerular filtration rate","continuous","mL/min/1.73m^2","Max",114.9,
"baseline","self_rated_health","Self-rated overall health using UK survey wording","ordered categorical","none","Rows",2400,
"baseline","self_rated_health","Self-rated overall health using UK survey wording","ordered categorical","none","Non-missing n",2358,
"baseline","self_rated_health","Self-rated overall health using UK survey wording","ordered categorical","none","Missing n",42,
"baseline","self_rated_health","Self-rated overall health using UK survey wording","ordered categorical","none","Missing %",1.75,
"baseline","self_rated_health","Self-rated overall health using UK survey wording","ordered categorical","none","Levels observed",8,
"baseline","self_rated_health","Self-rated overall health using UK survey wording","ordered categorical","none","Mode count",1094,
"baseline","self_rated_health","Self-rated overall health using UK survey wording","ordered categorical","none","Mode percent",46.3952502120441,
"baseline","self_rated_health","Self-rated overall health using UK survey wording","ordered categorical","none","Mode level",,"Very bad"
"baseline","longstanding_condition","Longstanding health condition","binary categorical","none","Rows",2400,
"baseline","longstanding_condition","Longstanding health condition","binary categorical","none","Non-missing n",2400,
"baseline","longstanding_condition","Longstanding health condition","binary categorical","none","Missing n",0,
"baseline","longstanding_condition","Longstanding health condition","binary categorical","none","Missing %",0,
"baseline","longstanding_condition","Longstanding health condition","binary categorical","none","Levels observed",2,
"baseline","longstanding_condition","Longstanding health condition","binary categorical","none","Mode count",1591,
"baseline","longstanding_condition","Longstanding health condition","binary categorical","none","Mode percent",66.2916666666667,
"baseline","longstanding_condition","Longstanding health condition","binary categorical","none","Mode level",,"Yes"
"baseline","chronic_kidney_disease","Simulated chronic kidney disease status","binary categorical","none","Rows",2400,
"baseline","chronic_kidney_disease","Simulated chronic kidney disease status","binary categorical","none","Non-missing n",2400,
"baseline","chronic_kidney_disease","Simulated chronic kidney disease status","binary categorical","none","Missing n",0,
"baseline","chronic_kidney_disease","Simulated chronic kidney disease status","binary categorical","none","Missing %",0,
"baseline","chronic_kidney_disease","Simulated chronic kidney disease status","binary categorical","none","Levels observed",2,
"baseline","chronic_kidney_disease","Simulated chronic kidney disease status","binary categorical","none","Mode count",1781,
"baseline","chronic_kidney_disease","Simulated chronic kidney disease status","binary categorical","none","Mode percent",74.2083333333333,
"baseline","chronic_kidney_disease","Simulated chronic kidney disease status","binary categorical","none","Mode level",,"No"
"baseline","atrial_fibrillation","Simulated atrial fibrillation history","binary categorical","none","Rows",2400,
"baseline","atrial_fibrillation","Simulated atrial fibrillation history","binary categorical","none","Non-missing n",2400,
"baseline","atrial_fibrillation","Simulated atrial fibrillation history","binary categorical","none","Missing n",0,
"baseline","atrial_fibrillation","Simulated atrial fibrillation history","binary categorical","none","Missing %",0,
"baseline","atrial_fibrillation","Simulated atrial fibrillation history","binary categorical","none","Levels observed",2,
"baseline","atrial_fibrillation","Simulated atrial fibrillation history","binary categorical","none","Mode count",2058,
"baseline","atrial_fibrillation","Simulated atrial fibrillation history","binary categorical","none","Mode percent",85.75,
"baseline","atrial_fibrillation","Simulated atrial fibrillation history","binary categorical","none","Mode level",,"No"
"baseline","previous_mi","Previous myocardial infarction history","binary categorical","none","Rows",2400,
"baseline","previous_mi","Previous myocardial infarction history","binary categorical","none","Non-missing n",2400,
"baseline","previous_mi","Previous myocardial infarction history","binary categorical","none","Missing n",0,
"baseline","previous_mi","Previous myocardial infarction history","binary categorical","none","Missing %",0,
"baseline","previous_mi","Previous myocardial infarction history","binary categorical","none","Levels observed",2,
"baseline","previous_mi","Previous myocardial infarction history","binary categorical","none","Mode count",2075,
"baseline","previous_mi","Previous myocardial infarction history","binary categorical","none","Mode percent",86.4583333333333,
"baseline","previous_mi","Previous myocardial infarction history","binary categorical","none","Mode level",,"No"
"baseline","previous_stroke_tia","Previous stroke or transient ischaemic attack history","binary categorical","none","Rows",2400,
"baseline","previous_stroke_tia","Previous stroke or transient ischaemic attack history","binary categorical","none","Non-missing n",2400,
"baseline","previous_stroke_tia","Previous stroke or transient ischaemic attack history","binary categorical","none","Missing n",0,
"baseline","previous_stroke_tia","Previous stroke or transient ischaemic attack history","binary categorical","none","Missing %",0,
"baseline","previous_stroke_tia","Previous stroke or transient ischaemic attack history","binary categorical","none","Levels observed",2,
"baseline","previous_stroke_tia","Previous stroke or transient ischaemic attack history","binary categorical","none","Mode count",2159,
"baseline","previous_stroke_tia","Previous stroke or transient ischaemic attack history","binary categorical","none","Mode percent",89.9583333333333,
"baseline","previous_stroke_tia","Previous stroke or transient ischaemic attack history","binary categorical","none","Mode level",,"No"
"baseline","copd","Simulated chronic obstructive pulmonary disease status","binary categorical","none","Rows",2400,
"baseline","copd","Simulated chronic obstructive pulmonary disease status","binary categorical","none","Non-missing n",2400,
"baseline","copd","Simulated chronic obstructive pulmonary disease status","binary categorical","none","Missing n",0,
"baseline","copd","Simulated chronic obstructive pulmonary disease status","binary categorical","none","Missing %",0,
"baseline","copd","Simulated chronic obstructive pulmonary disease status","binary categorical","none","Levels observed",2,
"baseline","copd","Simulated chronic obstructive pulmonary disease status","binary categorical","none","Mode count",2212,
"baseline","copd","Simulated chronic obstructive pulmonary disease status","binary categorical","none","Mode percent",92.1666666666667,
"baseline","copd","Simulated chronic obstructive pulmonary disease status","binary categorical","none","Mode level",,"No"
"baseline","cancer_history","Previous cancer diagnosis history","binary categorical","none","Rows",2400,
"baseline","cancer_history","Previous cancer diagnosis history","binary categorical","none","Non-missing n",2400,
"baseline","cancer_history","Previous cancer diagnosis history","binary categorical","none","Missing n",0,
"baseline","cancer_history","Previous cancer diagnosis history","binary categorical","none","Missing %",0,
"baseline","cancer_history","Previous cancer diagnosis history","binary categorical","none","Levels observed",2,
"baseline","cancer_history","Previous cancer diagnosis history","binary categorical","none","Mode count",2100,
"baseline","cancer_history","Previous cancer diagnosis history","binary categorical","none","Mode percent",87.5,
"baseline","cancer_history","Previous cancer diagnosis history","binary categorical","none","Mode level",,"No"
"baseline","osteoarthritis","Simulated osteoarthritis status","binary categorical","none","Rows",2400,
"baseline","osteoarthritis","Simulated osteoarthritis status","binary categorical","none","Non-missing n",2400,
"baseline","osteoarthritis","Simulated osteoarthritis status","binary categorical","none","Missing n",0,
"baseline","osteoarthritis","Simulated osteoarthritis status","binary categorical","none","Missing %",0,
"baseline","osteoarthritis","Simulated osteoarthritis status","binary categorical","none","Levels observed",2,
"baseline","osteoarthritis","Simulated osteoarthritis status","binary categorical","none","Mode count",1686,
"baseline","osteoarthritis","Simulated osteoarthritis status","binary categorical","none","Mode percent",70.25,
"baseline","osteoarthritis","Simulated osteoarthritis status","binary categorical","none","Mode level",,"No"
"baseline","depression_anxiety","Depression or anxiety history","binary categorical","none","Rows",2400,
"baseline","depression_anxiety","Depression or anxiety history","binary categorical","none","Non-missing n",2400,
"baseline","depression_anxiety","Depression or anxiety history","binary categorical","none","Missing n",0,
"baseline","depression_anxiety","Depression or anxiety history","binary categorical","none","Missing %",0,
"baseline","depression_anxiety","Depression or anxiety history","binary categorical","none","Levels observed",2,
"baseline","depression_anxiety","Depression or anxiety history","binary categorical","none","Mode count",2081,
"baseline","depression_anxiety","Depression or anxiety history","binary categorical","none","Mode percent",86.7083333333333,
"baseline","depression_anxiety","Depression or anxiety history","binary categorical","none","Mode level",,"No"
"baseline","dementia_cognitive_impairment","Dementia or cognitive impairment history","binary categorical","none","Rows",2400,
"baseline","dementia_cognitive_impairment","Dementia or cognitive impairment history","binary categorical","none","Non-missing n",2400,
"baseline","dementia_cognitive_impairment","Dementia or cognitive impairment history","binary categorical","none","Missing n",0,
"baseline","dementia_cognitive_impairment","Dementia or cognitive impairment history","binary categorical","none","Missing %",0,
"baseline","dementia_cognitive_impairment","Dementia or cognitive impairment history","binary categorical","none","Levels observed",2,
"baseline","dementia_cognitive_impairment","Dementia or cognitive impairment history","binary categorical","none","Mode count",2183,
"baseline","dementia_cognitive_impairment","Dementia or cognitive impairment history","binary categorical","none","Mode percent",90.9583333333333,
"baseline","dementia_cognitive_impairment","Dementia or cognitive impairment history","binary categorical","none","Mode level",,"No"
"baseline","multimorbidity_count","Count of selected long-term conditions","count","conditions","Rows",2400,
"baseline","multimorbidity_count","Count of selected long-term conditions","count","conditions","Non-missing n",2400,
"baseline","multimorbidity_count","Count of selected long-term conditions","count","conditions","Missing n",0,
"baseline","multimorbidity_count","Count of selected long-term conditions","count","conditions","Missing %",0,
"baseline","multimorbidity_count","Count of selected long-term conditions","count","conditions","Mean",1.77958333333333,
"baseline","multimorbidity_count","Count of selected long-term conditions","count","conditions","SD",1.37056527761869,
"baseline","multimorbidity_count","Count of selected long-term conditions","count","conditions","Median",2,
"baseline","multimorbidity_count","Count of selected long-term conditions","count","conditions","IQR",2,
"baseline","multimorbidity_count","Count of selected long-term conditions","count","conditions","Min",0,
"baseline","multimorbidity_count","Count of selected long-term conditions","count","conditions","Q1",1,
"baseline","multimorbidity_count","Count of selected long-term conditions","count","conditions","Q3",3,
"baseline","multimorbidity_count","Count of selected long-term conditions","count","conditions","Max",9,
"baseline","falls_last_12m","Falls reported in the last year","count","falls","Rows",2400,
"baseline","falls_last_12m","Falls reported in the last year","count","falls","Non-missing n",2400,
"baseline","falls_last_12m","Falls reported in the last year","count","falls","Missing n",0,
"baseline","falls_last_12m","Falls reported in the last year","count","falls","Missing %",0,
"baseline","falls_last_12m","Falls reported in the last year","count","falls","Mean",0.444166666666667,
"baseline","falls_last_12m","Falls reported in the last year","count","falls","SD",0.699704675787893,
"baseline","falls_last_12m","Falls reported in the last year","count","falls","Median",0,
"baseline","falls_last_12m","Falls reported in the last year","count","falls","IQR",1,
"baseline","falls_last_12m","Falls reported in the last year","count","falls","Min",0,
"baseline","falls_last_12m","Falls reported in the last year","count","falls","Q1",0,
"baseline","falls_last_12m","Falls reported in the last year","count","falls","Q3",1,
"baseline","falls_last_12m","Falls reported in the last year","count","falls","Max",5,
"baseline","polypharmacy_5plus","Taking five or more regular medicines","binary categorical","none","Rows",2400,
"baseline","polypharmacy_5plus","Taking five or more regular medicines","binary categorical","none","Non-missing n",2400,
"baseline","polypharmacy_5plus","Taking five or more regular medicines","binary categorical","none","Missing n",0,
"baseline","polypharmacy_5plus","Taking five or more regular medicines","binary categorical","none","Missing %",0,
"baseline","polypharmacy_5plus","Taking five or more regular medicines","binary categorical","none","Levels observed",2,
"baseline","polypharmacy_5plus","Taking five or more regular medicines","binary categorical","none","Mode count",1714,
"baseline","polypharmacy_5plus","Taking five or more regular medicines","binary categorical","none","Mode percent",71.4166666666667,
"baseline","polypharmacy_5plus","Taking five or more regular medicines","binary categorical","none","Mode level",,"No"
"baseline","frailty_index","Simplified frailty index derived from age, conditions, falls, and polypharmacy","continuous","index","Rows",2400,
"baseline","frailty_index","Simplified frailty index derived from age, conditions, falls, and polypharmacy","continuous","index","Non-missing n",2400,
"baseline","frailty_index","Simplified frailty index derived from age, conditions, falls, and polypharmacy","continuous","index","Missing n",0,
"baseline","frailty_index","Simplified frailty index derived from age, conditions, falls, and polypharmacy","continuous","index","Missing %",0,
"baseline","frailty_index","Simplified frailty index derived from age, conditions, falls, and polypharmacy","continuous","index","Mean",0.2154875,
"baseline","frailty_index","Simplified frailty index derived from age, conditions, falls, and polypharmacy","continuous","index","SD",0.083738685286465,
"baseline","frailty_index","Simplified frailty index derived from age, conditions, falls, and polypharmacy","continuous","index","Median",0.21,
"baseline","frailty_index","Simplified frailty index derived from age, conditions, falls, and polypharmacy","continuous","index","IQR",0.116,
"baseline","frailty_index","Simplified frailty index derived from age, conditions, falls, and polypharmacy","continuous","index","Min",0.02,
"baseline","frailty_index","Simplified frailty index derived from age, conditions, falls, and polypharmacy","continuous","index","Q1",0.155,
"baseline","frailty_index","Simplified frailty index derived from age, conditions, falls, and polypharmacy","continuous","index","Q3",0.271,
"baseline","frailty_index","Simplified frailty index derived from age, conditions, falls, and polypharmacy","continuous","index","Max",0.512,
"baseline","frailty_category","Frailty category derived from frailty index","ordered categorical","none","Rows",2400,
"baseline","frailty_category","Frailty category derived from frailty index","ordered categorical","none","Non-missing n",2400,
"baseline","frailty_category","Frailty category derived from frailty index","ordered categorical","none","Missing n",0,
"baseline","frailty_category","Frailty category derived from frailty index","ordered categorical","none","Missing %",0,
"baseline","frailty_category","Frailty category derived from frailty index","ordered categorical","none","Levels observed",4,
"baseline","frailty_category","Frailty category derived from frailty index","ordered categorical","none","Mode count",1228,
"baseline","frailty_category","Frailty category derived from frailty index","ordered categorical","none","Mode percent",51.1666666666667,
"baseline","frailty_category","Frailty category derived from frailty index","ordered categorical","none","Mode level",,"Mild frailty"
"baseline","care_home_resident","Simulated care-home residence at baseline","binary categorical","none","Rows",2400,
"baseline","care_home_resident","Simulated care-home residence at baseline","binary categorical","none","Non-missing n",2400,
"baseline","care_home_resident","Simulated care-home residence at baseline","binary categorical","none","Missing n",0,
"baseline","care_home_resident","Simulated care-home residence at baseline","binary categorical","none","Missing %",0,
"baseline","care_home_resident","Simulated care-home residence at baseline","binary categorical","none","Levels observed",2,
"baseline","care_home_resident","Simulated care-home residence at baseline","binary categorical","none","Mode count",2232,
"baseline","care_home_resident","Simulated care-home residence at baseline","binary categorical","none","Mode percent",93,
"baseline","care_home_resident","Simulated care-home residence at baseline","binary categorical","none","Mode level",,"No"
"baseline","gp_visits_last_12m","General practice visits in the last year","count","visits","Rows",2400,
"baseline","gp_visits_last_12m","General practice visits in the last year","count","visits","Non-missing n",2400,
"baseline","gp_visits_last_12m","General practice visits in the last year","count","visits","Missing n",0,
"baseline","gp_visits_last_12m","General practice visits in the last year","count","visits","Missing %",0,
"baseline","gp_visits_last_12m","General practice visits in the last year","count","visits","Mean",3.94541666666667,
"baseline","gp_visits_last_12m","General practice visits in the last year","count","visits","SD",2.59298518085184,
"baseline","gp_visits_last_12m","General practice visits in the last year","count","visits","Median",4,
"baseline","gp_visits_last_12m","General practice visits in the last year","count","visits","IQR",3,
"baseline","gp_visits_last_12m","General practice visits in the last year","count","visits","Min",0,
"baseline","gp_visits_last_12m","General practice visits in the last year","count","visits","Q1",2,
"baseline","gp_visits_last_12m","General practice visits in the last year","count","visits","Q3",5,
"baseline","gp_visits_last_12m","General practice visits in the last year","count","visits","Max",18,
"baseline","sick_days_last_12m","Days off work or study due to illness","count","days","Rows",2400,
"baseline","sick_days_last_12m","Days off work or study due to illness","count","days","Non-missing n",2400,
"baseline","sick_days_last_12m","Days off work or study due to illness","count","days","Missing n",0,
"baseline","sick_days_last_12m","Days off work or study due to illness","count","days","Missing %",0,
"baseline","sick_days_last_12m","Days off work or study due to illness","count","days","Mean",2.53208333333333,
"baseline","sick_days_last_12m","Days off work or study due to illness","count","days","SD",2.01303894534367,
"baseline","sick_days_last_12m","Days off work or study due to illness","count","days","Median",2,
"baseline","sick_days_last_12m","Days off work or study due to illness","count","days","IQR",3,
"baseline","sick_days_last_12m","Days off work or study due to illness","count","days","Min",0,
"baseline","sick_days_last_12m","Days off work or study due to illness","count","days","Q1",1,
"baseline","sick_days_last_12m","Days off work or study due to illness","count","days","Q3",4,
"baseline","sick_days_last_12m","Days off work or study due to illness","count","days","Max",13,
"baseline","on_antihypertensive","Currently taking blood pressure medication","binary categorical","none","Rows",2400,
"baseline","on_antihypertensive","Currently taking blood pressure medication","binary categorical","none","Non-missing n",2400,
"baseline","on_antihypertensive","Currently taking blood pressure medication","binary categorical","none","Missing n",0,
"baseline","on_antihypertensive","Currently taking blood pressure medication","binary categorical","none","Missing %",0,
"baseline","on_antihypertensive","Currently taking blood pressure medication","binary categorical","none","Levels observed",2,
"baseline","on_antihypertensive","Currently taking blood pressure medication","binary categorical","none","Mode count",1792,
"baseline","on_antihypertensive","Currently taking blood pressure medication","binary categorical","none","Mode percent",74.6666666666667,
"baseline","on_antihypertensive","Currently taking blood pressure medication","binary categorical","none","Mode level",,"No"
"baseline","on_statin","Currently taking statin medication","binary categorical","none","Rows",2400,
"baseline","on_statin","Currently taking statin medication","binary categorical","none","Non-missing n",2400,
"baseline","on_statin","Currently taking statin medication","binary categorical","none","Missing n",0,
"baseline","on_statin","Currently taking statin medication","binary categorical","none","Missing %",0,
"baseline","on_statin","Currently taking statin medication","binary categorical","none","Levels observed",2,
"baseline","on_statin","Currently taking statin medication","binary categorical","none","Mode count",1550,
"baseline","on_statin","Currently taking statin medication","binary categorical","none","Mode percent",64.5833333333333,
"baseline","on_statin","Currently taking statin medication","binary categorical","none","Mode level",,"No"
"baseline","diagnosed_hypertension","Clinical hypertension diagnosis","binary categorical","none","Rows",2400,
"baseline","diagnosed_hypertension","Clinical hypertension diagnosis","binary categorical","none","Non-missing n",2400,
"baseline","diagnosed_hypertension","Clinical hypertension diagnosis","binary categorical","none","Missing n",0,
"baseline","diagnosed_hypertension","Clinical hypertension diagnosis","binary categorical","none","Missing %",0,
"baseline","diagnosed_hypertension","Clinical hypertension diagnosis","binary categorical","none","Levels observed",2,
"baseline","diagnosed_hypertension","Clinical hypertension diagnosis","binary categorical","none","Mode count",1590,
"baseline","diagnosed_hypertension","Clinical hypertension diagnosis","binary categorical","none","Mode percent",66.25,
"baseline","diagnosed_hypertension","Clinical hypertension diagnosis","binary categorical","none","Mode level",,"No"
"baseline","high_cardiovascular_risk","Elevated cardiovascular risk category","binary categorical","none","Rows",2400,
"baseline","high_cardiovascular_risk","Elevated cardiovascular risk category","binary categorical","none","Non-missing n",2400,
"baseline","high_cardiovascular_risk","Elevated cardiovascular risk category","binary categorical","none","Missing n",0,
"baseline","high_cardiovascular_risk","Elevated cardiovascular risk category","binary categorical","none","Missing %",0,
"baseline","high_cardiovascular_risk","Elevated cardiovascular risk category","binary categorical","none","Levels observed",2,
"baseline","high_cardiovascular_risk","Elevated cardiovascular risk category","binary categorical","none","Mode count",1657,
"baseline","high_cardiovascular_risk","Elevated cardiovascular risk category","binary categorical","none","Mode percent",69.0416666666667,
"baseline","high_cardiovascular_risk","Elevated cardiovascular risk category","binary categorical","none","Mode level",,"No"
"baseline","hospital_admission_24m","Any hospital admission during the first 24 months","binary categorical","none","Rows",2400,
"baseline","hospital_admission_24m","Any hospital admission during the first 24 months","binary categorical","none","Non-missing n",2400,
"baseline","hospital_admission_24m","Any hospital admission during the first 24 months","binary categorical","none","Missing n",0,
"baseline","hospital_admission_24m","Any hospital admission during the first 24 months","binary categorical","none","Missing %",0,
"baseline","hospital_admission_24m","Any hospital admission during the first 24 months","binary categorical","none","Levels observed",2,
"baseline","hospital_admission_24m","Any hospital admission during the first 24 months","binary categorical","none","Mode count",2048,
"baseline","hospital_admission_24m","Any hospital admission during the first 24 months","binary categorical","none","Mode percent",85.3333333333333,
"baseline","hospital_admission_24m","Any hospital admission during the first 24 months","binary categorical","none","Mode level",,"No"
"baseline","hospital_admission_5y","Any hospital admission during five-year follow-up","binary categorical","none","Rows",2400,
"baseline","hospital_admission_5y","Any hospital admission during five-year follow-up","binary categorical","none","Non-missing n",2400,
"baseline","hospital_admission_5y","Any hospital admission during five-year follow-up","binary categorical","none","Missing n",0,
"baseline","hospital_admission_5y","Any hospital admission during five-year follow-up","binary categorical","none","Missing %",0,
"baseline","hospital_admission_5y","Any hospital admission during five-year follow-up","binary categorical","none","Levels observed",2,
"baseline","hospital_admission_5y","Any hospital admission during five-year follow-up","binary categorical","none","Mode count",1361,
"baseline","hospital_admission_5y","Any hospital admission during five-year follow-up","binary categorical","none","Mode percent",56.7083333333333,
"baseline","hospital_admission_5y","Any hospital admission during five-year follow-up","binary categorical","none","Mode level",,"No"
"baseline","metabolic_risk_group","Overall metabolic risk group","ordered categorical","none","Rows",2400,
"baseline","metabolic_risk_group","Overall metabolic risk group","ordered categorical","none","Non-missing n",2400,
"baseline","metabolic_risk_group","Overall metabolic risk group","ordered categorical","none","Missing n",0,
"baseline","metabolic_risk_group","Overall metabolic risk group","ordered categorical","none","Missing %",0,
"baseline","metabolic_risk_group","Overall metabolic risk group","ordered categorical","none","Levels observed",3,
"baseline","metabolic_risk_group","Overall metabolic risk group","ordered categorical","none","Mode count",1157,
"baseline","metabolic_risk_group","Overall metabolic risk group","ordered categorical","none","Mode percent",48.2083333333333,
"baseline","metabolic_risk_group","Overall metabolic risk group","ordered categorical","none","Mode level",,"Low"
"baseline","lifestyle_program_enrolled","Joined the lifestyle support programme","binary categorical","none","Rows",2400,
"baseline","lifestyle_program_enrolled","Joined the lifestyle support programme","binary categorical","none","Non-missing n",2400,
"baseline","lifestyle_program_enrolled","Joined the lifestyle support programme","binary categorical","none","Missing n",0,
"baseline","lifestyle_program_enrolled","Joined the lifestyle support programme","binary categorical","none","Missing %",0,
"baseline","lifestyle_program_enrolled","Joined the lifestyle support programme","binary categorical","none","Levels observed",2,
"baseline","lifestyle_program_enrolled","Joined the lifestyle support programme","binary categorical","none","Mode count",1914,
"baseline","lifestyle_program_enrolled","Joined the lifestyle support programme","binary categorical","none","Mode percent",79.75,
"baseline","lifestyle_program_enrolled","Joined the lifestyle support programme","binary categorical","none","Mode level",,"No"
"baseline","mortality_risk_5y_pct","Predicted five-year mortality risk from the simulated risk model","continuous","percent","Rows",2400,
"baseline","mortality_risk_5y_pct","Predicted five-year mortality risk from the simulated risk model","continuous","percent","Non-missing n",2400,
"baseline","mortality_risk_5y_pct","Predicted five-year mortality risk from the simulated risk model","continuous","percent","Missing n",0,
"baseline","mortality_risk_5y_pct","Predicted five-year mortality risk from the simulated risk model","continuous","percent","Missing %",0,
"baseline","mortality_risk_5y_pct","Predicted five-year mortality risk from the simulated risk model","continuous","percent","Mean",7.907875,
"baseline","mortality_risk_5y_pct","Predicted five-year mortality risk from the simulated risk model","continuous","percent","SD",10.0626640435936,
"baseline","mortality_risk_5y_pct","Predicted five-year mortality risk from the simulated risk model","continuous","percent","Median",4.2,
"baseline","mortality_risk_5y_pct","Predicted five-year mortality risk from the simulated risk model","continuous","percent","IQR",7.025,
"baseline","mortality_risk_5y_pct","Predicted five-year mortality risk from the simulated risk model","continuous","percent","Min",0.4,
"baseline","mortality_risk_5y_pct","Predicted five-year mortality risk from the simulated risk model","continuous","percent","Q1",2.1,
"baseline","mortality_risk_5y_pct","Predicted five-year mortality risk from the simulated risk model","continuous","percent","Q3",9.125,
"baseline","mortality_risk_5y_pct","Predicted five-year mortality risk from the simulated risk model","continuous","percent","Max",60,
"baseline","died_during_followup","Died during five-year follow-up","binary categorical","none","Rows",2400,
"baseline","died_during_followup","Died during five-year follow-up","binary categorical","none","Non-missing n",2400,
"baseline","died_during_followup","Died during five-year follow-up","binary categorical","none","Missing n",0,
"baseline","died_during_followup","Died during five-year follow-up","binary categorical","none","Missing %",0,
"baseline","died_during_followup","Died during five-year follow-up","binary categorical","none","Levels observed",2,
"baseline","died_during_followup","Died during five-year follow-up","binary categorical","none","Mode count",2199,
"baseline","died_during_followup","Died during five-year follow-up","binary categorical","none","Mode percent",91.625,
"baseline","died_during_followup","Died during five-year follow-up","binary categorical","none","Mode level",,"No"
"baseline","death_month","Month of death after baseline for participants who died","continuous","months","Rows",2400,
"baseline","death_month","Month of death after baseline for participants who died","continuous","months","Non-missing n",201,
"baseline","death_month","Month of death after baseline for participants who died","continuous","months","Missing n",2199,
"baseline","death_month","Month of death after baseline for participants who died","continuous","months","Missing %",91.625,
"baseline","death_month","Month of death after baseline for participants who died","continuous","months","Mean",32.6567164179104,
"baseline","death_month","Month of death after baseline for participants who died","continuous","months","SD",14.7704626591106,
"baseline","death_month","Month of death after baseline for participants who died","continuous","months","Median",34,
"baseline","death_month","Month of death after baseline for participants who died","continuous","months","IQR",24,
"baseline","death_month","Month of death after baseline for participants who died","continuous","months","Min",2,
"baseline","death_month","Month of death after baseline for participants who died","continuous","months","Q1",21,
"baseline","death_month","Month of death after baseline for participants who died","continuous","months","Q3",45,
"baseline","death_month","Month of death after baseline for participants who died","continuous","months","Max",59,
"baseline","age_at_death","Age at death for participants who died","continuous","years","Rows",2400,
"baseline","age_at_death","Age at death for participants who died","continuous","years","Non-missing n",201,
"baseline","age_at_death","Age at death for participants who died","continuous","years","Missing n",2199,
"baseline","age_at_death","Age at death for participants who died","continuous","years","Missing %",91.625,
"baseline","age_at_death","Age at death for participants who died","continuous","years","Mean",80.7208955223881,
"baseline","age_at_death","Age at death for participants who died","continuous","years","SD",6.91349847718431,
"baseline","age_at_death","Age at death for participants who died","continuous","years","Median",81.8,
"baseline","age_at_death","Age at death for participants who died","continuous","years","IQR",10,
"baseline","age_at_death","Age at death for participants who died","continuous","years","Min",62,
"baseline","age_at_death","Age at death for participants who died","continuous","years","Q1",75.9,
"baseline","age_at_death","Age at death for participants who died","continuous","years","Q3",85.9,
"baseline","age_at_death","Age at death for participants who died","continuous","years","Max",92.5,
"baseline","primary_cause_of_death","Broad simulated primary cause of death","categorical","none","Rows",2400,
"baseline","primary_cause_of_death","Broad simulated primary cause of death","categorical","none","Non-missing n",2400,
"baseline","primary_cause_of_death","Broad simulated primary cause of death","categorical","none","Missing n",0,
"baseline","primary_cause_of_death","Broad simulated primary cause of death","categorical","none","Missing %",0,
"baseline","primary_cause_of_death","Broad simulated primary cause of death","categorical","none","Levels observed",7,
"baseline","primary_cause_of_death","Broad simulated primary cause of death","categorical","none","Mode count",2199,
"baseline","primary_cause_of_death","Broad simulated primary cause of death","categorical","none","Mode percent",91.625,
"baseline","primary_cause_of_death","Broad simulated primary cause of death","categorical","none","Mode level",,"Not applicable"
"visits","participant_id","Unique participant identifier","identifier","none","Rows",10732,
"visits","participant_id","Unique participant identifier","identifier","none","Non-missing n",10732,
"visits","participant_id","Unique participant identifier","identifier","none","Missing n",0,
"visits","participant_id","Unique participant identifier","identifier","none","Missing %",0,
"visits","participant_id","Unique participant identifier","identifier","none","Unique values",2400,
"visits","participant_id","Unique participant identifier","identifier","none","Duplicate values",8332,
"visits","visit_number","Visit order","integer","visit index","Rows",10732,
"visits","visit_number","Visit order","integer","visit index","Non-missing n",10732,
"visits","visit_number","Visit order","integer","visit index","Missing n",0,
"visits","visit_number","Visit order","integer","visit index","Missing %",0,
"visits","visit_number","Visit order","integer","visit index","Mean",2.1869176295192,
"visits","visit_number","Visit order","integer","visit index","SD",1.70728739041006,
"visits","visit_number","Visit order","integer","visit index","Median",2,
"visits","visit_number","Visit order","integer","visit index","IQR",3,
"visits","visit_number","Visit order","integer","visit index","Min",0,
"visits","visit_number","Visit order","integer","visit index","Q1",1,
"visits","visit_number","Visit order","integer","visit index","Q3",4,
"visits","visit_number","Visit order","integer","visit index","Max",5,
"visits","visit_label","Human-readable visit label","categorical","none","Rows",10732,
"visits","visit_label","Human-readable visit label","categorical","none","Non-missing n",10732,
"visits","visit_label","Human-readable visit label","categorical","none","Missing n",0,
"visits","visit_label","Human-readable visit label","categorical","none","Missing %",0,
"visits","visit_label","Human-readable visit label","categorical","none","Levels observed",9,
"visits","visit_label","Human-readable visit label","categorical","none","Mode count",2400,
"visits","visit_label","Human-readable visit label","categorical","none","Mode percent",22.3630264629146,
"visits","visit_label","Human-readable visit label","categorical","none","Mode level",,"baseline"
"visits","months_since_baseline","Approximate months since baseline","integer","months","Rows",10732,
"visits","months_since_baseline","Approximate months since baseline","integer","months","Non-missing n",10732,
"visits","months_since_baseline","Approximate months since baseline","integer","months","Missing n",0,
"visits","months_since_baseline","Approximate months since baseline","integer","months","Missing %",0,
"visits","months_since_baseline","Approximate months since baseline","integer","months","Mean",26.331159150205,
"visits","months_since_baseline","Approximate months since baseline","integer","months","SD",22.588495988001,
"visits","months_since_baseline","Approximate months since baseline","integer","months","Median",24,
"visits","months_since_baseline","Approximate months since baseline","integer","months","IQR",36,
"visits","months_since_baseline","Approximate months since baseline","integer","months","Min",-12,
"visits","months_since_baseline","Approximate months since baseline","integer","months","Q1",10,
"visits","months_since_baseline","Approximate months since baseline","integer","months","Q3",46,
"visits","months_since_baseline","Approximate months since baseline","integer","months","Max",999,
"visits","age_at_visit_years","Age at visit","continuous","years","Rows",10732,
"visits","age_at_visit_years","Age at visit","continuous","years","Non-missing n",10732,
"visits","age_at_visit_years","Age at visit","continuous","years","Missing n",0,
"visits","age_at_visit_years","Age at visit","continuous","years","Missing %",0,
"visits","age_at_visit_years","Age at visit","continuous","years","Mean",72.2717294073798,
"visits","age_at_visit_years","Age at visit","continuous","years","SD",8.4719176989582,
"visits","age_at_visit_years","Age at visit","continuous","years","Median",72.1,
"visits","age_at_visit_years","Age at visit","continuous","years","IQR",12.9,
"visits","age_at_visit_years","Age at visit","continuous","years","Min",51,
"visits","age_at_visit_years","Age at visit","continuous","years","Q1",66,
"visits","age_at_visit_years","Age at visit","continuous","years","Q3",78.9,
"visits","age_at_visit_years","Age at visit","continuous","years","Max",94.1,
"visits","site_code","Recruiting clinic site","categorical","none","Rows",10732,
"visits","site_code","Recruiting clinic site","categorical","none","Non-missing n",10732,
"visits","site_code","Recruiting clinic site","categorical","none","Missing n",0,
"visits","site_code","Recruiting clinic site","categorical","none","Missing %",0,
"visits","site_code","Recruiting clinic site","categorical","none","Levels observed",6,
"visits","site_code","Recruiting clinic site","categorical","none","Mode count",3108,
"visits","site_code","Recruiting clinic site","categorical","none","Mode percent",28.9601192694745,
"visits","site_code","Recruiting clinic site","categorical","none","Mode level",,"Birmingham"
"visits","imd_quintile","Index of Multiple Deprivation quintile carried forward","ordered integer","quintile","Rows",10732,
"visits","imd_quintile","Index of Multiple Deprivation quintile carried forward","ordered integer","quintile","Non-missing n",10732,
"visits","imd_quintile","Index of Multiple Deprivation quintile carried forward","ordered integer","quintile","Missing n",0,
"visits","imd_quintile","Index of Multiple Deprivation quintile carried forward","ordered integer","quintile","Missing %",0,
"visits","imd_quintile","Index of Multiple Deprivation quintile carried forward","ordered integer","quintile","Mean",2.98304137159896,
"visits","imd_quintile","Index of Multiple Deprivation quintile carried forward","ordered integer","quintile","SD",1.40366127777542,
"visits","imd_quintile","Index of Multiple Deprivation quintile carried forward","ordered integer","quintile","Median",3,
"visits","imd_quintile","Index of Multiple Deprivation quintile carried forward","ordered integer","quintile","IQR",2,
"visits","imd_quintile","Index of Multiple Deprivation quintile carried forward","ordered integer","quintile","Min",1,
"visits","imd_quintile","Index of Multiple Deprivation quintile carried forward","ordered integer","quintile","Q1",2,
"visits","imd_quintile","Index of Multiple Deprivation quintile carried forward","ordered integer","quintile","Q3",4,
"visits","imd_quintile","Index of Multiple Deprivation quintile carried forward","ordered integer","quintile","Max",5,
"visits","smoking_status","Baseline smoking category carried forward","categorical","none","Rows",10732,
"visits","smoking_status","Baseline smoking category carried forward","categorical","none","Non-missing n",10732,
"visits","smoking_status","Baseline smoking category carried forward","categorical","none","Missing n",0,
"visits","smoking_status","Baseline smoking category carried forward","categorical","none","Missing %",0,
"visits","smoking_status","Baseline smoking category carried forward","categorical","none","Levels observed",6,
"visits","smoking_status","Baseline smoking category carried forward","categorical","none","Mode count",5796,
"visits","smoking_status","Baseline smoking category carried forward","categorical","none","Mode percent",54.0067089079389,
"visits","smoking_status","Baseline smoking category carried forward","categorical","none","Mode level",,"Never"
"visits","lifestyle_program_enrolled","Programme enrolment carried forward","binary categorical","none","Rows",10732,
"visits","lifestyle_program_enrolled","Programme enrolment carried forward","binary categorical","none","Non-missing n",10732,
"visits","lifestyle_program_enrolled","Programme enrolment carried forward","binary categorical","none","Missing n",0,
"visits","lifestyle_program_enrolled","Programme enrolment carried forward","binary categorical","none","Missing %",0,
"visits","lifestyle_program_enrolled","Programme enrolment carried forward","binary categorical","none","Levels observed",2,
"visits","lifestyle_program_enrolled","Programme enrolment carried forward","binary categorical","none","Mode count",8525,
"visits","lifestyle_program_enrolled","Programme enrolment carried forward","binary categorical","none","Mode percent",79.4353335818114,
"visits","lifestyle_program_enrolled","Programme enrolment carried forward","binary categorical","none","Mode level",,"No"
"visits","multimorbidity_count","Baseline multimorbidity count carried forward","count","conditions","Rows",10732,
"visits","multimorbidity_count","Baseline multimorbidity count carried forward","count","conditions","Non-missing n",10732,
"visits","multimorbidity_count","Baseline multimorbidity count carried forward","count","conditions","Missing n",0,
"visits","multimorbidity_count","Baseline multimorbidity count carried forward","count","conditions","Missing %",0,
"visits","multimorbidity_count","Baseline multimorbidity count carried forward","count","conditions","Mean",1.66772269847186,
"visits","multimorbidity_count","Baseline multimorbidity count carried forward","count","conditions","SD",1.32146071584287,
"visits","multimorbidity_count","Baseline multimorbidity count carried forward","count","conditions","Median",1,
"visits","multimorbidity_count","Baseline multimorbidity count carried forward","count","conditions","IQR",1,
"visits","multimorbidity_count","Baseline multimorbidity count carried forward","count","conditions","Min",0,
"visits","multimorbidity_count","Baseline multimorbidity count carried forward","count","conditions","Q1",1,
"visits","multimorbidity_count","Baseline multimorbidity count carried forward","count","conditions","Q3",2,
"visits","multimorbidity_count","Baseline multimorbidity count carried forward","count","conditions","Max",9,
"visits","frailty_category","Baseline frailty category carried forward","ordered categorical","none","Rows",10732,
"visits","frailty_category","Baseline frailty category carried forward","ordered categorical","none","Non-missing n",10732,
"visits","frailty_category","Baseline frailty category carried forward","ordered categorical","none","Missing n",0,
"visits","frailty_category","Baseline frailty category carried forward","ordered categorical","none","Missing %",0,
"visits","frailty_category","Baseline frailty category carried forward","ordered categorical","none","Levels observed",4,
"visits","frailty_category","Baseline frailty category carried forward","ordered categorical","none","Mode count",5729,
"visits","frailty_category","Baseline frailty category carried forward","ordered categorical","none","Mode percent",53.3824077525158,
"visits","frailty_category","Baseline frailty category carried forward","ordered categorical","none","Mode level",,"Mild frailty"
"visits","mortality_risk_5y_pct","Baseline predicted five-year mortality risk carried forward","continuous","percent","Rows",10732,
"visits","mortality_risk_5y_pct","Baseline predicted five-year mortality risk carried forward","continuous","percent","Non-missing n",10732,
"visits","mortality_risk_5y_pct","Baseline predicted five-year mortality risk carried forward","continuous","percent","Missing n",0,
"visits","mortality_risk_5y_pct","Baseline predicted five-year mortality risk carried forward","continuous","percent","Missing %",0,
"visits","mortality_risk_5y_pct","Baseline predicted five-year mortality risk carried forward","continuous","percent","Mean",7.0901789042117,
"visits","mortality_risk_5y_pct","Baseline predicted five-year mortality risk carried forward","continuous","percent","SD",9.11218929473236,
"visits","mortality_risk_5y_pct","Baseline predicted five-year mortality risk carried forward","continuous","percent","Median",3.8,
"visits","mortality_risk_5y_pct","Baseline predicted five-year mortality risk carried forward","continuous","percent","IQR",6.5,
"visits","mortality_risk_5y_pct","Baseline predicted five-year mortality risk carried forward","continuous","percent","Min",0.4,
"visits","mortality_risk_5y_pct","Baseline predicted five-year mortality risk carried forward","continuous","percent","Q1",1.9,
"visits","mortality_risk_5y_pct","Baseline predicted five-year mortality risk carried forward","continuous","percent","Q3",8.4,
"visits","mortality_risk_5y_pct","Baseline predicted five-year mortality risk carried forward","continuous","percent","Max",60,
"visits","weekly_exercise_min","Exercise reported at visit","continuous","minutes/week","Rows",10732,
"visits","weekly_exercise_min","Exercise reported at visit","continuous","minutes/week","Non-missing n",10732,
"visits","weekly_exercise_min","Exercise reported at visit","continuous","minutes/week","Missing n",0,
"visits","weekly_exercise_min","Exercise reported at visit","continuous","minutes/week","Missing %",0,
"visits","weekly_exercise_min","Exercise reported at visit","continuous","minutes/week","Mean",106.860510622438,
"visits","weekly_exercise_min","Exercise reported at visit","continuous","minutes/week","SD",70.7334329928257,
"visits","weekly_exercise_min","Exercise reported at visit","continuous","minutes/week","Median",102,
"visits","weekly_exercise_min","Exercise reported at visit","continuous","minutes/week","IQR",101,
"visits","weekly_exercise_min","Exercise reported at visit","continuous","minutes/week","Min",0,
"visits","weekly_exercise_min","Exercise reported at visit","continuous","minutes/week","Q1",52,
"visits","weekly_exercise_min","Exercise reported at visit","continuous","minutes/week","Q3",153,
"visits","weekly_exercise_min","Exercise reported at visit","continuous","minutes/week","Max",398,
"visits","weight_kg","Body weight at visit","continuous","kg","Rows",10732,
"visits","weight_kg","Body weight at visit","continuous","kg","Non-missing n",10732,
"visits","weight_kg","Body weight at visit","continuous","kg","Missing n",0,
"visits","weight_kg","Body weight at visit","continuous","kg","Missing %",0,
"visits","weight_kg","Body weight at visit","continuous","kg","Mean",80.2672568020872,
"visits","weight_kg","Body weight at visit","continuous","kg","SD",15.0567929730824,
"visits","weight_kg","Body weight at visit","continuous","kg","Median",79.5,
"visits","weight_kg","Body weight at visit","continuous","kg","IQR",20.425,
"visits","weight_kg","Body weight at visit","continuous","kg","Min",43,
"visits","weight_kg","Body weight at visit","continuous","kg","Q1",69.675,
"visits","weight_kg","Body weight at visit","continuous","kg","Q3",90.1,
"visits","weight_kg","Body weight at visit","continuous","kg","Max",134.5,
"visits","bmi_kg_m2","BMI at visit","continuous","kg/m^2","Rows",10732,
"visits","bmi_kg_m2","BMI at visit","continuous","kg/m^2","Non-missing n",10732,
"visits","bmi_kg_m2","BMI at visit","continuous","kg/m^2","Missing n",0,
"visits","bmi_kg_m2","BMI at visit","continuous","kg/m^2","Missing %",0,
"visits","bmi_kg_m2","BMI at visit","continuous","kg/m^2","Mean",28.1284662691018,
"visits","bmi_kg_m2","BMI at visit","continuous","kg/m^2","SD",4.09263521350828,
"visits","bmi_kg_m2","BMI at visit","continuous","kg/m^2","Median",28.1,
"visits","bmi_kg_m2","BMI at visit","continuous","kg/m^2","IQR",5.7,
"visits","bmi_kg_m2","BMI at visit","continuous","kg/m^2","Min",16.8,
"visits","bmi_kg_m2","BMI at visit","continuous","kg/m^2","Q1",25.3,
"visits","bmi_kg_m2","BMI at visit","continuous","kg/m^2","Q3",31,
"visits","bmi_kg_m2","BMI at visit","continuous","kg/m^2","Max",42.7,
"visits","systolic_bp_mmHg","Systolic blood pressure at visit","continuous","mmHg","Rows",10732,
"visits","systolic_bp_mmHg","Systolic blood pressure at visit","continuous","mmHg","Non-missing n",10732,
"visits","systolic_bp_mmHg","Systolic blood pressure at visit","continuous","mmHg","Missing n",0,
"visits","systolic_bp_mmHg","Systolic blood pressure at visit","continuous","mmHg","Missing %",0,
"visits","systolic_bp_mmHg","Systolic blood pressure at visit","continuous","mmHg","Mean",139.381941856131,
"visits","systolic_bp_mmHg","Systolic blood pressure at visit","continuous","mmHg","SD",14.3027537659865,
"visits","systolic_bp_mmHg","Systolic blood pressure at visit","continuous","mmHg","Median",140,
"visits","systolic_bp_mmHg","Systolic blood pressure at visit","continuous","mmHg","IQR",19,
"visits","systolic_bp_mmHg","Systolic blood pressure at visit","continuous","mmHg","Min",85,
"visits","systolic_bp_mmHg","Systolic blood pressure at visit","continuous","mmHg","Q1",130,
"visits","systolic_bp_mmHg","Systolic blood pressure at visit","continuous","mmHg","Q3",149,
"visits","systolic_bp_mmHg","Systolic blood pressure at visit","continuous","mmHg","Max",189,
"visits","diastolic_bp_mmHg","Diastolic blood pressure at visit","continuous","mmHg","Rows",10732,
"visits","diastolic_bp_mmHg","Diastolic blood pressure at visit","continuous","mmHg","Non-missing n",10732,
"visits","diastolic_bp_mmHg","Diastolic blood pressure at visit","continuous","mmHg","Missing n",0,
"visits","diastolic_bp_mmHg","Diastolic blood pressure at visit","continuous","mmHg","Missing %",0,
"visits","diastolic_bp_mmHg","Diastolic blood pressure at visit","continuous","mmHg","Mean",80.6746179649646,
"visits","diastolic_bp_mmHg","Diastolic blood pressure at visit","continuous","mmHg","SD",9.54143720532306,
"visits","diastolic_bp_mmHg","Diastolic blood pressure at visit","continuous","mmHg","Median",81,
"visits","diastolic_bp_mmHg","Diastolic blood pressure at visit","continuous","mmHg","IQR",13,
"visits","diastolic_bp_mmHg","Diastolic blood pressure at visit","continuous","mmHg","Min",50,
"visits","diastolic_bp_mmHg","Diastolic blood pressure at visit","continuous","mmHg","Q1",74,
"visits","diastolic_bp_mmHg","Diastolic blood pressure at visit","continuous","mmHg","Q3",87,
"visits","diastolic_bp_mmHg","Diastolic blood pressure at visit","continuous","mmHg","Max",118,
"visits","resting_heart_rate_bpm","Resting heart rate at visit","continuous","beats/min","Rows",10732,
"visits","resting_heart_rate_bpm","Resting heart rate at visit","continuous","beats/min","Non-missing n",10732,
"visits","resting_heart_rate_bpm","Resting heart rate at visit","continuous","beats/min","Missing n",0,
"visits","resting_heart_rate_bpm","Resting heart rate at visit","continuous","beats/min","Missing %",0,
"visits","resting_heart_rate_bpm","Resting heart rate at visit","continuous","beats/min","Mean",70.9630078270592,
"visits","resting_heart_rate_bpm","Resting heart rate at visit","continuous","beats/min","SD",7.2855947837388,
"visits","resting_heart_rate_bpm","Resting heart rate at visit","continuous","beats/min","Median",71,
"visits","resting_heart_rate_bpm","Resting heart rate at visit","continuous","beats/min","IQR",10,
"visits","resting_heart_rate_bpm","Resting heart rate at visit","continuous","beats/min","Min",45,
"visits","resting_heart_rate_bpm","Resting heart rate at visit","continuous","beats/min","Q1",66,
"visits","resting_heart_rate_bpm","Resting heart rate at visit","continuous","beats/min","Q3",76,
"visits","resting_heart_rate_bpm","Resting heart rate at visit","continuous","beats/min","Max",100,
"visits","fasting_glucose_mmol_L","Fasting glucose at visit","continuous","mmol/L","Rows",10732,
"visits","fasting_glucose_mmol_L","Fasting glucose at visit","continuous","mmol/L","Non-missing n",10732,
"visits","fasting_glucose_mmol_L","Fasting glucose at visit","continuous","mmol/L","Missing n",0,
"visits","fasting_glucose_mmol_L","Fasting glucose at visit","continuous","mmol/L","Missing %",0,
"visits","fasting_glucose_mmol_L","Fasting glucose at visit","continuous","mmol/L","Mean",5.38825102497205,
"visits","fasting_glucose_mmol_L","Fasting glucose at visit","continuous","mmol/L","SD",0.763608589327287,
"visits","fasting_glucose_mmol_L","Fasting glucose at visit","continuous","mmol/L","Median",5.33,
"visits","fasting_glucose_mmol_L","Fasting glucose at visit","continuous","mmol/L","IQR",1.03,
"visits","fasting_glucose_mmol_L","Fasting glucose at visit","continuous","mmol/L","Min",3.5,
"visits","fasting_glucose_mmol_L","Fasting glucose at visit","continuous","mmol/L","Q1",4.85,
"visits","fasting_glucose_mmol_L","Fasting glucose at visit","continuous","mmol/L","Q3",5.88,
"visits","fasting_glucose_mmol_L","Fasting glucose at visit","continuous","mmol/L","Max",8.23,
"visits","hba1c_mmol_mol","HbA1c at visit","continuous","mmol/mol","Rows",10732,
"visits","hba1c_mmol_mol","HbA1c at visit","continuous","mmol/mol","Non-missing n",10456,
"visits","hba1c_mmol_mol","HbA1c at visit","continuous","mmol/mol","Missing n",276,
"visits","hba1c_mmol_mol","HbA1c at visit","continuous","mmol/mol","Missing %",2.57174804323518,
"visits","hba1c_mmol_mol","HbA1c at visit","continuous","mmol/mol","Mean",36.6764345830145,
"visits","hba1c_mmol_mol","HbA1c at visit","continuous","mmol/mol","SD",7.23034556802916,
"visits","hba1c_mmol_mol","HbA1c at visit","continuous","mmol/mol","Median",35.5,
"visits","hba1c_mmol_mol","HbA1c at visit","continuous","mmol/mol","IQR",9.4,
"visits","hba1c_mmol_mol","HbA1c at visit","continuous","mmol/mol","Min",22,
"visits","hba1c_mmol_mol","HbA1c at visit","continuous","mmol/mol","Q1",31.5,
"visits","hba1c_mmol_mol","HbA1c at visit","continuous","mmol/mol","Q3",40.9,
"visits","hba1c_mmol_mol","HbA1c at visit","continuous","mmol/mol","Max",63.9,
"visits","total_cholesterol_mmol_L","Total cholesterol at visit","continuous","mmol/L","Rows",10732,
"visits","total_cholesterol_mmol_L","Total cholesterol at visit","continuous","mmol/L","Non-missing n",10732,
"visits","total_cholesterol_mmol_L","Total cholesterol at visit","continuous","mmol/L","Missing n",0,
"visits","total_cholesterol_mmol_L","Total cholesterol at visit","continuous","mmol/L","Missing %",0,
"visits","total_cholesterol_mmol_L","Total cholesterol at visit","continuous","mmol/L","Mean",5.04275717480432,
"visits","total_cholesterol_mmol_L","Total cholesterol at visit","continuous","mmol/L","SD",0.672967806888238,
"visits","total_cholesterol_mmol_L","Total cholesterol at visit","continuous","mmol/L","Median",5.05,
"visits","total_cholesterol_mmol_L","Total cholesterol at visit","continuous","mmol/L","IQR",0.91,
"visits","total_cholesterol_mmol_L","Total cholesterol at visit","continuous","mmol/L","Min",2.7,
"visits","total_cholesterol_mmol_L","Total cholesterol at visit","continuous","mmol/L","Q1",4.59,
"visits","total_cholesterol_mmol_L","Total cholesterol at visit","continuous","mmol/L","Q3",5.5,
"visits","total_cholesterol_mmol_L","Total cholesterol at visit","continuous","mmol/L","Max",7.6,
"visits","hdl_cholesterol_mmol_L","HDL cholesterol at visit","continuous","mmol/L","Rows",10732,
"visits","hdl_cholesterol_mmol_L","HDL cholesterol at visit","continuous","mmol/L","Non-missing n",10732,
"visits","hdl_cholesterol_mmol_L","HDL cholesterol at visit","continuous","mmol/L","Missing n",0,
"visits","hdl_cholesterol_mmol_L","HDL cholesterol at visit","continuous","mmol/L","Missing %",0,
"visits","hdl_cholesterol_mmol_L","HDL cholesterol at visit","continuous","mmol/L","Mean",1.32069511740589,
"visits","hdl_cholesterol_mmol_L","HDL cholesterol at visit","continuous","mmol/L","SD",0.212370790292777,
"visits","hdl_cholesterol_mmol_L","HDL cholesterol at visit","continuous","mmol/L","Median",1.32,
"visits","hdl_cholesterol_mmol_L","HDL cholesterol at visit","continuous","mmol/L","IQR",0.28,
"visits","hdl_cholesterol_mmol_L","HDL cholesterol at visit","continuous","mmol/L","Min",0.6,
"visits","hdl_cholesterol_mmol_L","HDL cholesterol at visit","continuous","mmol/L","Q1",1.18,
"visits","hdl_cholesterol_mmol_L","HDL cholesterol at visit","continuous","mmol/L","Q3",1.46,
"visits","hdl_cholesterol_mmol_L","HDL cholesterol at visit","continuous","mmol/L","Max",2.09,
"visits","triglycerides_mmol_L","Triglycerides at visit","continuous","mmol/L","Rows",10732,
"visits","triglycerides_mmol_L","Triglycerides at visit","continuous","mmol/L","Non-missing n",10488,
"visits","triglycerides_mmol_L","Triglycerides at visit","continuous","mmol/L","Missing n",244,
"visits","triglycerides_mmol_L","Triglycerides at visit","continuous","mmol/L","Missing %",2.27357435706299,
"visits","triglycerides_mmol_L","Triglycerides at visit","continuous","mmol/L","Mean",1.62269832189169,
"visits","triglycerides_mmol_L","Triglycerides at visit","continuous","mmol/L","SD",0.672985406984261,
"visits","triglycerides_mmol_L","Triglycerides at visit","continuous","mmol/L","Median",1.5,
"visits","triglycerides_mmol_L","Triglycerides at visit","continuous","mmol/L","IQR",0.83,
"visits","triglycerides_mmol_L","Triglycerides at visit","continuous","mmol/L","Min",0.4,
"visits","triglycerides_mmol_L","Triglycerides at visit","continuous","mmol/L","Q1",1.14,
"visits","triglycerides_mmol_L","Triglycerides at visit","continuous","mmol/L","Q3",1.97,
"visits","triglycerides_mmol_L","Triglycerides at visit","continuous","mmol/L","Max",5.5,
"visits","crp_mg_L","C-reactive protein at visit","continuous","mg/L","Rows",10732,
"visits","crp_mg_L","C-reactive protein at visit","continuous","mg/L","Non-missing n",10357,
"visits","crp_mg_L","C-reactive protein at visit","continuous","mg/L","Missing n",375,
"visits","crp_mg_L","C-reactive protein at visit","continuous","mg/L","Missing %",3.49422288483041,
"visits","crp_mg_L","C-reactive protein at visit","continuous","mg/L","Mean",2.33669209230472,
"visits","crp_mg_L","C-reactive protein at visit","continuous","mg/L","SD",1.61783517093463,
"visits","crp_mg_L","C-reactive protein at visit","continuous","mg/L","Median",1.91,
"visits","crp_mg_L","C-reactive protein at visit","continuous","mg/L","IQR",1.63,
"visits","crp_mg_L","C-reactive protein at visit","continuous","mg/L","Min",0.14,
"visits","crp_mg_L","C-reactive protein at visit","continuous","mg/L","Q1",1.28,
"visits","crp_mg_L","C-reactive protein at visit","continuous","mg/L","Q3",2.91,
"visits","crp_mg_L","C-reactive protein at visit","continuous","mg/L","Max",20,
"visits","medication_adherence_pct","Medication adherence for treated participants","continuous","percent","Rows",10732,
"visits","medication_adherence_pct","Medication adherence for treated participants","continuous","percent","Non-missing n",5077,
"visits","medication_adherence_pct","Medication adherence for treated participants","continuous","percent","Missing n",5655,
"visits","medication_adherence_pct","Medication adherence for treated participants","continuous","percent","Missing %",52.6928811032426,
"visits","medication_adherence_pct","Medication adherence for treated participants","continuous","percent","Mean",82.4782351782549,
"visits","medication_adherence_pct","Medication adherence for treated participants","continuous","percent","SD",11.1168736090272,
"visits","medication_adherence_pct","Medication adherence for treated participants","continuous","percent","Median",83,
"visits","medication_adherence_pct","Medication adherence for treated participants","continuous","percent","IQR",16,
"visits","medication_adherence_pct","Medication adherence for treated participants","continuous","percent","Min",-5,
"visits","medication_adherence_pct","Medication adherence for treated participants","continuous","percent","Q1",75,
"visits","medication_adherence_pct","Medication adherence for treated participants","continuous","percent","Q3",91,
"visits","medication_adherence_pct","Medication adherence for treated participants","continuous","percent","Max",150,
"visits","self_rated_health","Self-rated health at visit","ordered categorical","none","Rows",10732,
"visits","self_rated_health","Self-rated health at visit","ordered categorical","none","Non-missing n",10732,
"visits","self_rated_health","Self-rated health at visit","ordered categorical","none","Missing n",0,
"visits","self_rated_health","Self-rated health at visit","ordered categorical","none","Missing %",0,
"visits","self_rated_health","Self-rated health at visit","ordered categorical","none","Levels observed",5,
"visits","self_rated_health","Self-rated health at visit","ordered categorical","none","Mode count",3300,
"visits","self_rated_health","Self-rated health at visit","ordered categorical","none","Mode percent",30.7491613865076,
"visits","self_rated_health","Self-rated health at visit","ordered categorical","none","Mode level",,"Fair"
"visits","living_status_at_visit","Living status at each observed visit","binary categorical","none","Rows",10732,
"visits","living_status_at_visit","Living status at each observed visit","binary categorical","none","Non-missing n",10732,
"visits","living_status_at_visit","Living status at each observed visit","binary categorical","none","Missing n",0,
"visits","living_status_at_visit","Living status at each observed visit","binary categorical","none","Missing %",0,
"visits","living_status_at_visit","Living status at each observed visit","binary categorical","none","Levels observed",1,
"visits","living_status_at_visit","Living status at each observed visit","binary categorical","none","Mode count",10732,
"visits","living_status_at_visit","Living status at each observed visit","binary categorical","none","Mode percent",100,
"visits","living_status_at_visit","Living status at each observed visit","binary categorical","none","Mode level",,"Alive"
"mortality_comorbidity","participant_id","Unique participant identifier","identifier","none","Rows",2400,
"mortality_comorbidity","participant_id","Unique participant identifier","identifier","none","Non-missing n",2400,
"mortality_comorbidity","participant_id","Unique participant identifier","identifier","none","Missing n",0,
"mortality_comorbidity","participant_id","Unique participant identifier","identifier","none","Missing %",0,
"mortality_comorbidity","participant_id","Unique participant identifier","identifier","none","Unique values",2400,
"mortality_comorbidity","participant_id","Unique participant identifier","identifier","none","Duplicate values",0,
"mortality_comorbidity","age_years","Age at recruitment copied from baseline","continuous","years","Rows",2400,
"mortality_comorbidity","age_years","Age at recruitment copied from baseline","continuous","years","Non-missing n",2400,
"mortality_comorbidity","age_years","Age at recruitment copied from baseline","continuous","years","Missing n",0,
"mortality_comorbidity","age_years","Age at recruitment copied from baseline","continuous","years","Missing %",0,
"mortality_comorbidity","age_years","Age at recruitment copied from baseline","continuous","years","Mean",70.64125,
"mortality_comorbidity","age_years","Age at recruitment copied from baseline","continuous","years","SD",8.44638625119999,
"mortality_comorbidity","age_years","Age at recruitment copied from baseline","continuous","years","Median",71,
"mortality_comorbidity","age_years","Age at recruitment copied from baseline","continuous","years","IQR",13,
"mortality_comorbidity","age_years","Age at recruitment copied from baseline","continuous","years","Min",51,
"mortality_comorbidity","age_years","Age at recruitment copied from baseline","continuous","years","Q1",64,
"mortality_comorbidity","age_years","Age at recruitment copied from baseline","continuous","years","Q3",77,
"mortality_comorbidity","age_years","Age at recruitment copied from baseline","continuous","years","Max",89,
"mortality_comorbidity","sex_at_birth","Recorded sex at birth copied from baseline","binary categorical","none","Rows",2400,
"mortality_comorbidity","sex_at_birth","Recorded sex at birth copied from baseline","binary categorical","none","Non-missing n",2400,
"mortality_comorbidity","sex_at_birth","Recorded sex at birth copied from baseline","binary categorical","none","Missing n",0,
"mortality_comorbidity","sex_at_birth","Recorded sex at birth copied from baseline","binary categorical","none","Missing %",0,
"mortality_comorbidity","sex_at_birth","Recorded sex at birth copied from baseline","binary categorical","none","Levels observed",2,
"mortality_comorbidity","sex_at_birth","Recorded sex at birth copied from baseline","binary categorical","none","Mode count",1203,
"mortality_comorbidity","sex_at_birth","Recorded sex at birth copied from baseline","binary categorical","none","Mode percent",50.125,
"mortality_comorbidity","sex_at_birth","Recorded sex at birth copied from baseline","binary categorical","none","Mode level",,"Male"
"mortality_comorbidity","imd_quintile","Index of Multiple Deprivation quintile copied from baseline","ordered integer","quintile","Rows",2400,
"mortality_comorbidity","imd_quintile","Index of Multiple Deprivation quintile copied from baseline","ordered integer","quintile","Non-missing n",2400,
"mortality_comorbidity","imd_quintile","Index of Multiple Deprivation quintile copied from baseline","ordered integer","quintile","Missing n",0,
"mortality_comorbidity","imd_quintile","Index of Multiple Deprivation quintile copied from baseline","ordered integer","quintile","Missing %",0,
"mortality_comorbidity","imd_quintile","Index of Multiple Deprivation quintile copied from baseline","ordered integer","quintile","Mean",3.02416666666667,
"mortality_comorbidity","imd_quintile","Index of Multiple Deprivation quintile copied from baseline","ordered integer","quintile","SD",1.40869069570671,
"mortality_comorbidity","imd_quintile","Index of Multiple Deprivation quintile copied from baseline","ordered integer","quintile","Median",3,
"mortality_comorbidity","imd_quintile","Index of Multiple Deprivation quintile copied from baseline","ordered integer","quintile","IQR",2,
"mortality_comorbidity","imd_quintile","Index of Multiple Deprivation quintile copied from baseline","ordered integer","quintile","Min",1,
"mortality_comorbidity","imd_quintile","Index of Multiple Deprivation quintile copied from baseline","ordered integer","quintile","Q1",2,
"mortality_comorbidity","imd_quintile","Index of Multiple Deprivation quintile copied from baseline","ordered integer","quintile","Q3",4,
"mortality_comorbidity","imd_quintile","Index of Multiple Deprivation quintile copied from baseline","ordered integer","quintile","Max",5,
"mortality_comorbidity","multimorbidity_count","Count of selected long-term conditions","count","conditions","Rows",2400,
"mortality_comorbidity","multimorbidity_count","Count of selected long-term conditions","count","conditions","Non-missing n",2400,
"mortality_comorbidity","multimorbidity_count","Count of selected long-term conditions","count","conditions","Missing n",0,
"mortality_comorbidity","multimorbidity_count","Count of selected long-term conditions","count","conditions","Missing %",0,
"mortality_comorbidity","multimorbidity_count","Count of selected long-term conditions","count","conditions","Mean",1.77958333333333,
"mortality_comorbidity","multimorbidity_count","Count of selected long-term conditions","count","conditions","SD",1.37056527761869,
"mortality_comorbidity","multimorbidity_count","Count of selected long-term conditions","count","conditions","Median",2,
"mortality_comorbidity","multimorbidity_count","Count of selected long-term conditions","count","conditions","IQR",2,
"mortality_comorbidity","multimorbidity_count","Count of selected long-term conditions","count","conditions","Min",0,
"mortality_comorbidity","multimorbidity_count","Count of selected long-term conditions","count","conditions","Q1",1,
"mortality_comorbidity","multimorbidity_count","Count of selected long-term conditions","count","conditions","Q3",3,
"mortality_comorbidity","multimorbidity_count","Count of selected long-term conditions","count","conditions","Max",9,
"mortality_comorbidity","frailty_index","Simplified frailty index","continuous","index","Rows",2400,
"mortality_comorbidity","frailty_index","Simplified frailty index","continuous","index","Non-missing n",2400,
"mortality_comorbidity","frailty_index","Simplified frailty index","continuous","index","Missing n",0,
"mortality_comorbidity","frailty_index","Simplified frailty index","continuous","index","Missing %",0,
"mortality_comorbidity","frailty_index","Simplified frailty index","continuous","index","Mean",0.2154875,
"mortality_comorbidity","frailty_index","Simplified frailty index","continuous","index","SD",0.083738685286465,
"mortality_comorbidity","frailty_index","Simplified frailty index","continuous","index","Median",0.21,
"mortality_comorbidity","frailty_index","Simplified frailty index","continuous","index","IQR",0.116,
"mortality_comorbidity","frailty_index","Simplified frailty index","continuous","index","Min",0.02,
"mortality_comorbidity","frailty_index","Simplified frailty index","continuous","index","Q1",0.155,
"mortality_comorbidity","frailty_index","Simplified frailty index","continuous","index","Q3",0.271,
"mortality_comorbidity","frailty_index","Simplified frailty index","continuous","index","Max",0.512,
"mortality_comorbidity","frailty_category","Frailty category","ordered categorical","none","Rows",2400,
"mortality_comorbidity","frailty_category","Frailty category","ordered categorical","none","Non-missing n",2400,
"mortality_comorbidity","frailty_category","Frailty category","ordered categorical","none","Missing n",0,
"mortality_comorbidity","frailty_category","Frailty category","ordered categorical","none","Missing %",0,
"mortality_comorbidity","frailty_category","Frailty category","ordered categorical","none","Levels observed",6,
"mortality_comorbidity","frailty_category","Frailty category","ordered categorical","none","Mode count",1226,
"mortality_comorbidity","frailty_category","Frailty category","ordered categorical","none","Mode percent",51.0833333333333,
"mortality_comorbidity","frailty_category","Frailty category","ordered categorical","none","Mode level",,"Mild frailty"
"mortality_comorbidity","chronic_kidney_disease","Simulated chronic kidney disease status","binary categorical","none","Rows",2400,
"mortality_comorbidity","chronic_kidney_disease","Simulated chronic kidney disease status","binary categorical","none","Non-missing n",2400,
"mortality_comorbidity","chronic_kidney_disease","Simulated chronic kidney disease status","binary categorical","none","Missing n",0,
"mortality_comorbidity","chronic_kidney_disease","Simulated chronic kidney disease status","binary categorical","none","Missing %",0,
"mortality_comorbidity","chronic_kidney_disease","Simulated chronic kidney disease status","binary categorical","none","Levels observed",2,
"mortality_comorbidity","chronic_kidney_disease","Simulated chronic kidney disease status","binary categorical","none","Mode count",1781,
"mortality_comorbidity","chronic_kidney_disease","Simulated chronic kidney disease status","binary categorical","none","Mode percent",74.2083333333333,
"mortality_comorbidity","chronic_kidney_disease","Simulated chronic kidney disease status","binary categorical","none","Mode level",,"No"
"mortality_comorbidity","atrial_fibrillation","Simulated atrial fibrillation history","binary categorical","none","Rows",2400,
"mortality_comorbidity","atrial_fibrillation","Simulated atrial fibrillation history","binary categorical","none","Non-missing n",2400,
"mortality_comorbidity","atrial_fibrillation","Simulated atrial fibrillation history","binary categorical","none","Missing n",0,
"mortality_comorbidity","atrial_fibrillation","Simulated atrial fibrillation history","binary categorical","none","Missing %",0,
"mortality_comorbidity","atrial_fibrillation","Simulated atrial fibrillation history","binary categorical","none","Levels observed",2,
"mortality_comorbidity","atrial_fibrillation","Simulated atrial fibrillation history","binary categorical","none","Mode count",2058,
"mortality_comorbidity","atrial_fibrillation","Simulated atrial fibrillation history","binary categorical","none","Mode percent",85.75,
"mortality_comorbidity","atrial_fibrillation","Simulated atrial fibrillation history","binary categorical","none","Mode level",,"No"
"mortality_comorbidity","previous_mi","Previous myocardial infarction history","binary categorical","none","Rows",2400,
"mortality_comorbidity","previous_mi","Previous myocardial infarction history","binary categorical","none","Non-missing n",2400,
"mortality_comorbidity","previous_mi","Previous myocardial infarction history","binary categorical","none","Missing n",0,
"mortality_comorbidity","previous_mi","Previous myocardial infarction history","binary categorical","none","Missing %",0,
"mortality_comorbidity","previous_mi","Previous myocardial infarction history","binary categorical","none","Levels observed",2,
"mortality_comorbidity","previous_mi","Previous myocardial infarction history","binary categorical","none","Mode count",2075,
"mortality_comorbidity","previous_mi","Previous myocardial infarction history","binary categorical","none","Mode percent",86.4583333333333,
"mortality_comorbidity","previous_mi","Previous myocardial infarction history","binary categorical","none","Mode level",,"No"
"mortality_comorbidity","previous_stroke_tia","Previous stroke or TIA history","binary categorical","none","Rows",2400,
"mortality_comorbidity","previous_stroke_tia","Previous stroke or TIA history","binary categorical","none","Non-missing n",2400,
"mortality_comorbidity","previous_stroke_tia","Previous stroke or TIA history","binary categorical","none","Missing n",0,
"mortality_comorbidity","previous_stroke_tia","Previous stroke or TIA history","binary categorical","none","Missing %",0,
"mortality_comorbidity","previous_stroke_tia","Previous stroke or TIA history","binary categorical","none","Levels observed",2,
"mortality_comorbidity","previous_stroke_tia","Previous stroke or TIA history","binary categorical","none","Mode count",2159,
"mortality_comorbidity","previous_stroke_tia","Previous stroke or TIA history","binary categorical","none","Mode percent",89.9583333333333,
"mortality_comorbidity","previous_stroke_tia","Previous stroke or TIA history","binary categorical","none","Mode level",,"No"
"mortality_comorbidity","copd","Simulated COPD status","binary categorical","none","Rows",2400,
"mortality_comorbidity","copd","Simulated COPD status","binary categorical","none","Non-missing n",2400,
"mortality_comorbidity","copd","Simulated COPD status","binary categorical","none","Missing n",0,
"mortality_comorbidity","copd","Simulated COPD status","binary categorical","none","Missing %",0,
"mortality_comorbidity","copd","Simulated COPD status","binary categorical","none","Levels observed",2,
"mortality_comorbidity","copd","Simulated COPD status","binary categorical","none","Mode count",2212,
"mortality_comorbidity","copd","Simulated COPD status","binary categorical","none","Mode percent",92.1666666666667,
"mortality_comorbidity","copd","Simulated COPD status","binary categorical","none","Mode level",,"No"
"mortality_comorbidity","cancer_history","Previous cancer diagnosis history","binary categorical","none","Rows",2400,
"mortality_comorbidity","cancer_history","Previous cancer diagnosis history","binary categorical","none","Non-missing n",2400,
"mortality_comorbidity","cancer_history","Previous cancer diagnosis history","binary categorical","none","Missing n",0,
"mortality_comorbidity","cancer_history","Previous cancer diagnosis history","binary categorical","none","Missing %",0,
"mortality_comorbidity","cancer_history","Previous cancer diagnosis history","binary categorical","none","Levels observed",2,
"mortality_comorbidity","cancer_history","Previous cancer diagnosis history","binary categorical","none","Mode count",2100,
"mortality_comorbidity","cancer_history","Previous cancer diagnosis history","binary categorical","none","Mode percent",87.5,
"mortality_comorbidity","cancer_history","Previous cancer diagnosis history","binary categorical","none","Mode level",,"No"
"mortality_comorbidity","dementia_cognitive_impairment","Dementia or cognitive impairment history","binary categorical","none","Rows",2400,
"mortality_comorbidity","dementia_cognitive_impairment","Dementia or cognitive impairment history","binary categorical","none","Non-missing n",2400,
"mortality_comorbidity","dementia_cognitive_impairment","Dementia or cognitive impairment history","binary categorical","none","Missing n",0,
"mortality_comorbidity","dementia_cognitive_impairment","Dementia or cognitive impairment history","binary categorical","none","Missing %",0,
"mortality_comorbidity","dementia_cognitive_impairment","Dementia or cognitive impairment history","binary categorical","none","Levels observed",2,
"mortality_comorbidity","dementia_cognitive_impairment","Dementia or cognitive impairment history","binary categorical","none","Mode count",2183,
"mortality_comorbidity","dementia_cognitive_impairment","Dementia or cognitive impairment history","binary categorical","none","Mode percent",90.9583333333333,
"mortality_comorbidity","dementia_cognitive_impairment","Dementia or cognitive impairment history","binary categorical","none","Mode level",,"No"
"mortality_comorbidity","polypharmacy_5plus","Taking five or more regular medicines","binary categorical","none","Rows",2400,
"mortality_comorbidity","polypharmacy_5plus","Taking five or more regular medicines","binary categorical","none","Non-missing n",2400,
"mortality_comorbidity","polypharmacy_5plus","Taking five or more regular medicines","binary categorical","none","Missing n",0,
"mortality_comorbidity","polypharmacy_5plus","Taking five or more regular medicines","binary categorical","none","Missing %",0,
"mortality_comorbidity","polypharmacy_5plus","Taking five or more regular medicines","binary categorical","none","Levels observed",2,
"mortality_comorbidity","polypharmacy_5plus","Taking five or more regular medicines","binary categorical","none","Mode count",1714,
"mortality_comorbidity","polypharmacy_5plus","Taking five or more regular medicines","binary categorical","none","Mode percent",71.4166666666667,
"mortality_comorbidity","polypharmacy_5plus","Taking five or more regular medicines","binary categorical","none","Mode level",,"No"
"mortality_comorbidity","care_home_resident","Simulated care-home residence","binary categorical","none","Rows",2400,
"mortality_comorbidity","care_home_resident","Simulated care-home residence","binary categorical","none","Non-missing n",2400,
"mortality_comorbidity","care_home_resident","Simulated care-home residence","binary categorical","none","Missing n",0,
"mortality_comorbidity","care_home_resident","Simulated care-home residence","binary categorical","none","Missing %",0,
"mortality_comorbidity","care_home_resident","Simulated care-home residence","binary categorical","none","Levels observed",2,
"mortality_comorbidity","care_home_resident","Simulated care-home residence","binary categorical","none","Mode count",2232,
"mortality_comorbidity","care_home_resident","Simulated care-home residence","binary categorical","none","Mode percent",93,
"mortality_comorbidity","care_home_resident","Simulated care-home residence","binary categorical","none","Mode level",,"No"
"mortality_comorbidity","mortality_risk_5y_pct","Predicted five-year mortality risk","continuous","percent","Rows",2400,
"mortality_comorbidity","mortality_risk_5y_pct","Predicted five-year mortality risk","continuous","percent","Non-missing n",2400,
"mortality_comorbidity","mortality_risk_5y_pct","Predicted five-year mortality risk","continuous","percent","Missing n",0,
"mortality_comorbidity","mortality_risk_5y_pct","Predicted five-year mortality risk","continuous","percent","Missing %",0,
"mortality_comorbidity","mortality_risk_5y_pct","Predicted five-year mortality risk","continuous","percent","Mean",7.907875,
"mortality_comorbidity","mortality_risk_5y_pct","Predicted five-year mortality risk","continuous","percent","SD",10.0626640435936,
"mortality_comorbidity","mortality_risk_5y_pct","Predicted five-year mortality risk","continuous","percent","Median",4.2,
"mortality_comorbidity","mortality_risk_5y_pct","Predicted five-year mortality risk","continuous","percent","IQR",7.025,
"mortality_comorbidity","mortality_risk_5y_pct","Predicted five-year mortality risk","continuous","percent","Min",0.4,
"mortality_comorbidity","mortality_risk_5y_pct","Predicted five-year mortality risk","continuous","percent","Q1",2.1,
"mortality_comorbidity","mortality_risk_5y_pct","Predicted five-year mortality risk","continuous","percent","Q3",9.125,
"mortality_comorbidity","mortality_risk_5y_pct","Predicted five-year mortality risk","continuous","percent","Max",60,
"mortality_comorbidity","died_during_followup","Died during five-year follow-up","binary categorical","none","Rows",2400,
"mortality_comorbidity","died_during_followup","Died during five-year follow-up","binary categorical","none","Non-missing n",2400,
"mortality_comorbidity","died_during_followup","Died during five-year follow-up","binary categorical","none","Missing n",0,
"mortality_comorbidity","died_during_followup","Died during five-year follow-up","binary categorical","none","Missing %",0,
"mortality_comorbidity","died_during_followup","Died during five-year follow-up","binary categorical","none","Levels observed",2,
"mortality_comorbidity","died_during_followup","Died during five-year follow-up","binary categorical","none","Mode count",2199,
"mortality_comorbidity","died_during_followup","Died during five-year follow-up","binary categorical","none","Mode percent",91.625,
"mortality_comorbidity","died_during_followup","Died during five-year follow-up","binary categorical","none","Mode level",,"No"
"mortality_comorbidity","death_month","Month of death after baseline","continuous","months","Rows",2400,
"mortality_comorbidity","death_month","Month of death after baseline","continuous","months","Non-missing n",201,
"mortality_comorbidity","death_month","Month of death after baseline","continuous","months","Missing n",2199,
"mortality_comorbidity","death_month","Month of death after baseline","continuous","months","Missing %",91.625,
"mortality_comorbidity","death_month","Month of death after baseline","continuous","months","Mean",32.6567164179104,
"mortality_comorbidity","death_month","Month of death after baseline","continuous","months","SD",14.7704626591106,
"mortality_comorbidity","death_month","Month of death after baseline","continuous","months","Median",34,
"mortality_comorbidity","death_month","Month of death after baseline","continuous","months","IQR",24,
"mortality_comorbidity","death_month","Month of death after baseline","continuous","months","Min",2,
"mortality_comorbidity","death_month","Month of death after baseline","continuous","months","Q1",21,
"mortality_comorbidity","death_month","Month of death after baseline","continuous","months","Q3",45,
"mortality_comorbidity","death_month","Month of death after baseline","continuous","months","Max",59,
"mortality_comorbidity","death_calendar_year","Approximate calendar year of death","integer","year","Rows",2400,
"mortality_comorbidity","death_calendar_year","Approximate calendar year of death","integer","year","Non-missing n",201,
"mortality_comorbidity","death_calendar_year","Approximate calendar year of death","integer","year","Missing n",2199,
"mortality_comorbidity","death_calendar_year","Approximate calendar year of death","integer","year","Missing %",91.625,
"mortality_comorbidity","death_calendar_year","Approximate calendar year of death","integer","year","Mean",2027.10447761194,
"mortality_comorbidity","death_calendar_year","Approximate calendar year of death","integer","year","SD",1.41563761279017,
"mortality_comorbidity","death_calendar_year","Approximate calendar year of death","integer","year","Median",2027,
"mortality_comorbidity","death_calendar_year","Approximate calendar year of death","integer","year","IQR",2,
"mortality_comorbidity","death_calendar_year","Approximate calendar year of death","integer","year","Min",2024,
"mortality_comorbidity","death_calendar_year","Approximate calendar year of death","integer","year","Q1",2026,
"mortality_comorbidity","death_calendar_year","Approximate calendar year of death","integer","year","Q3",2028,
"mortality_comorbidity","death_calendar_year","Approximate calendar year of death","integer","year","Max",2030,
"mortality_comorbidity","age_at_death","Age at death","continuous","years","Rows",2400,
"mortality_comorbidity","age_at_death","Age at death","continuous","years","Non-missing n",201,
"mortality_comorbidity","age_at_death","Age at death","continuous","years","Missing n",2199,
"mortality_comorbidity","age_at_death","Age at death","continuous","years","Missing %",91.625,
"mortality_comorbidity","age_at_death","Age at death","continuous","years","Mean",80.7208955223881,
"mortality_comorbidity","age_at_death","Age at death","continuous","years","SD",6.91349847718431,
"mortality_comorbidity","age_at_death","Age at death","continuous","years","Median",81.8,
"mortality_comorbidity","age_at_death","Age at death","continuous","years","IQR",10,
"mortality_comorbidity","age_at_death","Age at death","continuous","years","Min",62,
"mortality_comorbidity","age_at_death","Age at death","continuous","years","Q1",75.9,
"mortality_comorbidity","age_at_death","Age at death","continuous","years","Q3",85.9,
"mortality_comorbidity","age_at_death","Age at death","continuous","years","Max",92.5,
"mortality_comorbidity","primary_cause_of_death","Broad simulated primary cause of death","categorical","none","Rows",2400,
"mortality_comorbidity","primary_cause_of_death","Broad simulated primary cause of death","categorical","none","Non-missing n",2400,
"mortality_comorbidity","primary_cause_of_death","Broad simulated primary cause of death","categorical","none","Missing n",0,
"mortality_comorbidity","primary_cause_of_death","Broad simulated primary cause of death","categorical","none","Missing %",0,
"mortality_comorbidity","primary_cause_of_death","Broad simulated primary cause of death","categorical","none","Levels observed",8,
"mortality_comorbidity","primary_cause_of_death","Broad simulated primary cause of death","categorical","none","Mode count",2199,
"mortality_comorbidity","primary_cause_of_death","Broad simulated primary cause of death","categorical","none","Mode percent",91.625,
"mortality_comorbidity","primary_cause_of_death","Broad simulated primary cause of death","categorical","none","Mode level",,"Not applicable"
